date,game_time,away_team,home_team,venue,game_pk,stage
2026-03-25,2026-03-26T00:05:00,New York Yankees,San Francisco Giants,Oracle Park,823244,regular_season
2026-03-26,2026-03-26T20:15:00,Tampa Bay Rays,St. Louis Cardinals,Busch Stadium,823081,regular_season
2026-03-26,2026-03-27T02:10:00,Cleveland Guardians,Seattle Mariners,T-Mobile Park,823163,regular_season
2026-03-26,2026-03-26T20:10:00,Detroit Tigers,San Diego Padres,Petco Park,823325,regular_season
2026-03-26,2026-03-26T20:15:00,Texas Rangers,Philadelphia Phillies,Citizens Bank Park,823486,regular_season
2026-03-26,2026-03-26T17:15:00,Pittsburgh Pirates,New York Mets,Citi Field,823649,regular_season
2026-03-26,2026-03-26T18:10:00,Chicago White Sox,Milwaukee Brewers,American Family Field,823812,regular_season
2026-03-26,2026-03-27T00:30:00,Arizona Diamondbacks,Los Angeles Dodgers,UNIQLO Field at Dodger Stadium,823974,regular_season
2026-03-26,2026-03-26T20:10:00,Los Angeles Angels,Houston Astros,Daikin Park,824218,regular_season
2026-03-26,2026-03-26T20:10:00,Boston Red Sox,Cincinnati Reds,Great American Ball Park,824541,regular_season
2026-03-26,2026-03-26T18:20:00,Washington Nationals,Chicago Cubs,Wrigley Field,824704,regular_season
2026-03-26,2026-03-26T19:05:00,Minnesota Twins,Baltimore Orioles,Oriole Park at Camden Yards,824865,regular_season
2026-03-27,2026-03-27T23:07:00,Athletics,Toronto Blue Jays,Rogers Centre,822839,regular_season
2026-03-27,2026-03-28T01:45:00,Cleveland Guardians,Seattle Mariners,T-Mobile Park,823162,regular_season
2026-03-27,2026-03-27T20:35:00,New York Yankees,San Francisco Giants,Oracle Park,823243,regular_season
2026-03-27,2026-03-28T01:40:00,Detroit Tigers,San Diego Padres,Petco Park,823324,regular_season
2026-03-27,2026-03-27T23:10:00,Colorado Rockies,Miami Marlins,loanDepot park,823893,regular_season
2026-03-27,2026-03-28T02:10:00,Arizona Diamondbacks,Los Angeles Dodgers,UNIQLO Field at Dodger Stadium,823971,regular_season
2026-03-27,2026-03-28T00:15:00,Los Angeles Angels,Houston Astros,Daikin Park,824216,regular_season
2026-03-27,2026-03-27T23:15:00,Kansas City Royals,Atlanta Braves,Truist Park,824946,regular_season
2026-03-28,2026-03-28T19:07:00,Athletics,Toronto Blue Jays,Rogers Centre,822838,regular_season
2026-03-28,2026-03-28T18:15:00,Tampa Bay Rays,St. Louis Cardinals,Busch Stadium,823082,regular_season
2026-03-28,2026-03-29T01:40:00,Cleveland Guardians,Seattle Mariners,T-Mobile Park,823161,regular_season
2026-03-28,2026-03-28T23:15:00,New York Yankees,San Francisco Giants,Oracle Park,823241,regular_season
2026-03-28,2026-03-29T00:40:00,Detroit Tigers,San Diego Padres,Petco Park,823323,regular_season
2026-03-28,2026-03-28T20:05:00,Texas Rangers,Philadelphia Phillies,Citizens Bank Park,823488,regular_season
2026-03-28,2026-03-28T20:10:00,Pittsburgh Pirates,New York Mets,Citi Field,823651,regular_season
2026-03-28,2026-03-28T23:10:00,Chicago White Sox,Milwaukee Brewers,American Family Field,823811,regular_season
2026-03-28,2026-03-28T20:10:00,Colorado Rockies,Miami Marlins,loanDepot park,823892,regular_season
2026-03-28,2026-03-29T01:10:00,Arizona Diamondbacks,Los Angeles Dodgers,UNIQLO Field at Dodger Stadium,823973,regular_season
2026-03-28,2026-03-28T23:10:00,Los Angeles Angels,Houston Astros,Daikin Park,824213,regular_season
2026-03-28,2026-03-28T20:10:00,Boston Red Sox,Cincinnati Reds,Great American Ball Park,824540,regular_season
2026-03-28,2026-03-28T18:20:00,Washington Nationals,Chicago Cubs,Wrigley Field,824701,regular_season
2026-03-28,2026-03-28T20:05:00,Minnesota Twins,Baltimore Orioles,Oriole Park at Camden Yards,824862,regular_season
2026-03-28,2026-03-28T23:15:00,Kansas City Royals,Atlanta Braves,Truist Park,824945,regular_season
2026-03-29,2026-03-29T17:37:00,Athletics,Toronto Blue Jays,Rogers Centre,822837,regular_season
2026-03-29,2026-03-29T18:15:00,Tampa Bay Rays,St. Louis Cardinals,Busch Stadium,823079,regular_season
2026-03-29,2026-03-29T23:20:00,Cleveland Guardians,Seattle Mariners,T-Mobile Park,823160,regular_season
2026-03-29,2026-03-29T17:35:00,Texas Rangers,Philadelphia Phillies,Citizens Bank Park,823487,regular_season
2026-03-29,2026-03-29T17:40:00,Pittsburgh Pirates,New York Mets,Citi Field,823647,regular_season
2026-03-29,2026-03-29T18:10:00,Chicago White Sox,Milwaukee Brewers,American Family Field,823810,regular_season
2026-03-29,2026-03-29T17:40:00,Colorado Rockies,Miami Marlins,loanDepot park,823891,regular_season
2026-03-29,2026-03-29T18:10:00,Los Angeles Angels,Houston Astros,Daikin Park,824215,regular_season
2026-03-29,2026-03-29T17:40:00,Boston Red Sox,Cincinnati Reds,Great American Ball Park,824538,regular_season
2026-03-29,2026-03-29T18:20:00,Washington Nationals,Chicago Cubs,Wrigley Field,824700,regular_season
2026-03-29,2026-03-29T17:35:00,Minnesota Twins,Baltimore Orioles,Oriole Park at Camden Yards,824864,regular_season
2026-03-29,2026-03-29T17:35:00,Kansas City Royals,Atlanta Braves,Truist Park,824944,regular_season
2026-03-30,2026-03-30T23:07:00,Colorado Rockies,Toronto Blue Jays,Rogers Centre,822834,regular_season
2026-03-30,2026-03-30T23:45:00,New York Mets,St. Louis Cardinals,Busch Stadium,823080,regular_season
2026-03-30,2026-03-31T01:40:00,New York Yankees,Seattle Mariners,T-Mobile Park,823159,regular_season
2026-03-30,2026-03-31T01:40:00,San Francisco Giants,San Diego Padres,Petco Park,823320,regular_season
2026-03-30,2026-03-30T22:40:00,Washington Nationals,Philadelphia Phillies,Citizens Bank Park,823484,regular_season
2026-03-30,2026-03-30T23:40:00,Tampa Bay Rays,Milwaukee Brewers,American Family Field,823809,regular_season
2026-03-30,2026-03-30T22:40:00,Chicago White Sox,Miami Marlins,loanDepot park,823890,regular_season
2026-03-30,2026-03-31T02:10:00,Cleveland Guardians,Los Angeles Dodgers,UNIQLO Field at Dodger Stadium,823972,regular_season
2026-03-30,2026-03-30T20:10:00,Minnesota Twins,Kansas City Royals,Kauffman Stadium,824135,regular_season
2026-03-30,2026-03-31T00:10:00,Boston Red Sox,Houston Astros,Daikin Park,824214,regular_season
2026-03-30,2026-03-30T22:40:00,Pittsburgh Pirates,Cincinnati Reds,Great American Ball Park,824539,regular_season
2026-03-30,2026-03-30T23:40:00,Los Angeles Angels,Chicago Cubs,Wrigley Field,824702,regular_season
2026-03-30,2026-03-30T22:35:00,Texas Rangers,Baltimore Orioles,Oriole Park at Camden Yards,824863,regular_season
2026-03-30,2026-03-30T23:15:00,Athletics,Atlanta Braves,Truist Park,824943,regular_season
2026-03-30,2026-03-31T02:10:00,Detroit Tigers,Arizona Diamondbacks,Chase Field,825108,regular_season
2026-03-31,2026-03-31T23:07:00,Colorado Rockies,Toronto Blue Jays,Rogers Centre,822836,regular_season
2026-03-31,2026-03-31T23:45:00,New York Mets,St. Louis Cardinals,Busch Stadium,823077,regular_season
2026-03-31,2026-04-01T01:40:00,New York Yankees,Seattle Mariners,T-Mobile Park,823158,regular_season
2026-03-31,2026-04-01T01:40:00,San Francisco Giants,San Diego Padres,Petco Park,823322,regular_season
2026-03-31,2026-03-31T22:40:00,Washington Nationals,Philadelphia Phillies,Citizens Bank Park,823485,regular_season
2026-03-31,2026-03-31T23:40:00,Tampa Bay Rays,Milwaukee Brewers,American Family Field,823807,regular_season
2026-03-31,2026-03-31T22:40:00,Chicago White Sox,Miami Marlins,loanDepot park,823888,regular_season
2026-03-31,2026-04-01T02:10:00,Cleveland Guardians,Los Angeles Dodgers,UNIQLO Field at Dodger Stadium,823969,regular_season
2026-03-31,2026-04-01T00:10:00,Boston Red Sox,Houston Astros,Daikin Park,824212,regular_season
2026-03-31,2026-03-31T22:40:00,Pittsburgh Pirates,Cincinnati Reds,Great American Ball Park,824537,regular_season
2026-03-31,2026-03-31T23:40:00,Los Angeles Angels,Chicago Cubs,Wrigley Field,824699,regular_season
2026-03-31,2026-03-31T22:35:00,Texas Rangers,Baltimore Orioles,Oriole Park at Camden Yards,824861,regular_season
2026-03-31,2026-03-31T23:15:00,Athletics,Atlanta Braves,Truist Park,824942,regular_season
2026-03-31,2026-04-01T01:40:00,Detroit Tigers,Arizona Diamondbacks,Chase Field,825107,regular_season
2026-04-01,2026-04-01T17:07:00,Colorado Rockies,Toronto Blue Jays,Rogers Centre,822835,regular_season
2026-04-01,2026-04-01T17:15:00,New York Mets,St. Louis Cardinals,Busch Stadium,823078,regular_season
2026-04-01,2026-04-01T20:10:00,New York Yankees,Seattle Mariners,T-Mobile Park,823157,regular_season
2026-04-01,2026-04-01T20:10:00,San Francisco Giants,San Diego Padres,Petco Park,823321,regular_season
2026-04-01,2026-04-01T17:05:00,Washington Nationals,Philadelphia Phillies,Citizens Bank Park,823483,regular_season
2026-04-01,2026-04-01T17:40:00,Tampa Bay Rays,Milwaukee Brewers,American Family Field,823806,regular_season
2026-04-01,2026-04-01T17:10:00,Chicago White Sox,Miami Marlins,loanDepot park,823889,regular_season
2026-04-01,2026-04-02T00:20:00,Cleveland Guardians,Los Angeles Dodgers,UNIQLO Field at Dodger Stadium,823970,regular_season
2026-04-01,2026-04-01T23:40:00,Minnesota Twins,Kansas City Royals,Kauffman Stadium,824136,regular_season
2026-04-01,2026-04-01T18:10:00,Boston Red Sox,Houston Astros,Daikin Park,824211,regular_season
2026-04-01,2026-04-01T16:40:00,Pittsburgh Pirates,Cincinnati Reds,Great American Ball Park,824536,regular_season
2026-04-01,2026-04-01T18:20:00,Los Angeles Angels,Chicago Cubs,Wrigley Field,824698,regular_season
2026-04-01,2026-04-01T16:35:00,Texas Rangers,Baltimore Orioles,Oriole Park at Camden Yards,824860,regular_season
2026-04-01,2026-04-01T16:15:00,Athletics,Atlanta Braves,Truist Park,824940,regular_season
2026-04-01,2026-04-01T19:40:00,Detroit Tigers,Arizona Diamondbacks,Chase Field,825106,regular_season
2026-04-02,2026-04-03T01:45:00,New York Mets,San Francisco Giants,Oracle Park,823242,regular_season
2026-04-02,2026-04-02T18:10:00,Minnesota Twins,Kansas City Royals,Kauffman Stadium,824133,regular_season
2026-04-02,2026-04-03T01:40:00,Atlanta Braves,Arizona Diamondbacks,Chase Field,825105,regular_season
2026-04-03,2026-04-03T17:05:00,Los Angeles Dodgers,Washington Nationals,Nationals Park,822758,regular_season
2026-04-03,2026-04-03T20:05:00,Cincinnati Reds,Texas Rangers,Globe Life Field,822919,regular_season
2026-04-03,2026-04-04T02:15:00,New York Mets,San Francisco Giants,Oracle Park,823240,regular_season
2026-04-03,2026-04-03T20:12:00,Baltimore Orioles,Pittsburgh Pirates,PNC Park,823406,regular_season
2026-04-03,2026-04-03T17:35:00,Miami Marlins,New York Yankees,Yankee Stadium,823568,regular_season
2026-04-03,2026-04-03T20:10:00,Tampa Bay Rays,Minnesota Twins,Target Field,823732,regular_season
2026-04-03,2026-04-04T01:38:00,Seattle Mariners,Los Angeles Angels,Angel Stadium,824056,regular_season
2026-04-03,2026-04-03T17:10:00,St. Louis Cardinals,Detroit Tigers,Comerica Park,824299,regular_season
2026-04-03,2026-04-03T20:10:00,Philadelphia Phillies,Colorado Rockies,Coors Field,824377,regular_season
2026-04-03,2026-04-03T20:10:00,Chicago Cubs,Cleveland Guardians,Progressive Field,824458,regular_season
2026-04-03,2026-04-02T20:10:00,Toronto Blue Jays,Chicago White Sox,Rate Field,824621,regular_season
2026-04-03,2026-04-03T18:10:00,Toronto Blue Jays,Chicago White Sox,Rate Field,824621,regular_season
2026-04-03,2026-04-03T18:10:00,San Diego Padres,Boston Red Sox,Fenway Park,824786,regular_season
2026-04-03,2026-04-04T01:40:00,Houston Astros,Athletics,Sutter Health Park,825026,regular_season
2026-04-03,2026-04-04T01:45:00,Atlanta Braves,Arizona Diamondbacks,Chase Field,825103,regular_season
2026-04-04,2026-04-04T20:05:00,Los Angeles Dodgers,Washington Nationals,Nationals Park,822757,regular_season
2026-04-04,2026-04-04T23:05:00,Cincinnati Reds,Texas Rangers,Globe Life Field,822920,regular_season
2026-04-04,2026-04-05T01:05:00,New York Mets,San Francisco Giants,Oracle Park,823239,regular_season
2026-04-04,2026-04-04T20:05:00,Baltimore Orioles,Pittsburgh Pirates,PNC Park,823404,regular_season
2026-04-04,2026-04-04T23:05:00,Miami Marlins,New York Yankees,Yankee Stadium,823569,regular_season
2026-04-04,2026-04-04T23:10:00,Tampa Bay Rays,Minnesota Twins,Target Field,823730,regular_season
2026-04-04,2026-04-05T01:38:00,Seattle Mariners,Los Angeles Angels,Angel Stadium,824054,regular_season
2026-04-04,2026-04-04T18:10:00,Milwaukee Brewers,Kansas City Royals,Kauffman Stadium,824132,regular_season
2026-04-04,2026-04-03T23:45:00,Milwaukee Brewers,Kansas City Royals,Kauffman Stadium,824134,regular_season
2026-04-04,2026-04-04T23:10:00,Milwaukee Brewers,Kansas City Royals,Kauffman Stadium,824134,regular_season
2026-04-04,2026-04-04T17:10:00,St. Louis Cardinals,Detroit Tigers,Comerica Park,824295,regular_season
2026-04-04,2026-04-05T00:10:00,Philadelphia Phillies,Colorado Rockies,Coors Field,824378,regular_season
2026-04-04,2026-04-04T18:10:00,Toronto Blue Jays,Chicago White Sox,Rate Field,824622,regular_season
2026-04-04,2026-04-04T20:10:00,San Diego Padres,Boston Red Sox,Fenway Park,824782,regular_season
2026-04-04,2026-04-04T20:05:00,Houston Astros,Athletics,Sutter Health Park,825027,regular_season
2026-04-04,2026-04-04T23:15:00,Atlanta Braves,Arizona Diamondbacks,Chase Field,825104,regular_season
2026-04-05,2026-04-05T17:35:00,Los Angeles Dodgers,Washington Nationals,Nationals Park,822756,regular_season
2026-04-05,2026-04-05T18:35:00,Cincinnati Reds,Texas Rangers,Globe Life Field,822917,regular_season
2026-04-05,2026-04-05T20:05:00,New York Mets,San Francisco Giants,Oracle Park,823238,regular_season
2026-04-05,2026-04-05T17:35:00,Baltimore Orioles,Pittsburgh Pirates,PNC Park,823405,regular_season
2026-04-05,2026-04-05T17:35:00,Miami Marlins,New York Yankees,Yankee Stadium,823566,regular_season
2026-04-05,2026-04-05T18:10:00,Tampa Bay Rays,Minnesota Twins,Target Field,823729,regular_season
2026-04-05,2026-04-05T20:07:00,Seattle Mariners,Los Angeles Angels,Angel Stadium,824053,regular_season
2026-04-05,2026-04-05T18:10:00,Milwaukee Brewers,Kansas City Royals,Kauffman Stadium,824131,regular_season
2026-04-05,2026-04-05T23:20:00,St. Louis Cardinals,Detroit Tigers,Comerica Park,824296,regular_season
2026-04-05,2026-04-05T19:10:00,Philadelphia Phillies,Colorado Rockies,Coors Field,824379,regular_season
2026-04-05,2026-04-05T17:10:00,Chicago Cubs,Cleveland Guardians,Progressive Field,824459,regular_season
2026-04-05,2026-04-04T23:15:00,Chicago Cubs,Cleveland Guardians,Progressive Field,824460,regular_season
2026-04-05,2026-04-05T17:15:00,Chicago Cubs,Cleveland Guardians,Progressive Field,824460,regular_season
2026-04-05,2026-04-05T18:10:00,Toronto Blue Jays,Chicago White Sox,Rate Field,824620,regular_season
2026-04-05,2026-04-05T17:35:00,San Diego Padres,Boston Red Sox,Fenway Park,824781,regular_season
2026-04-05,2026-04-05T20:05:00,Houston Astros,Athletics,Sutter Health Park,825025,regular_season
2026-04-05,2026-04-05T20:10:00,Atlanta Braves,Arizona Diamondbacks,Chase Field,825102,regular_season
2026-04-06,2026-04-06T22:45:00,St. Louis Cardinals,Washington Nationals,Nationals Park,822755,regular_season
2026-04-06,2026-04-06T23:07:00,Los Angeles Dodgers,Toronto Blue Jays,Rogers Centre,822832,regular_season
2026-04-06,2026-04-07T00:05:00,Seattle Mariners,Texas Rangers,Globe Life Field,822918,regular_season
2026-04-06,2026-04-06T20:10:00,Chicago Cubs,Tampa Bay Rays,Tropicana Field,823002,regular_season
2026-04-06,2026-04-07T01:45:00,Philadelphia Phillies,San Francisco Giants,Oracle Park,823237,regular_season
2026-04-06,2026-04-06T22:40:00,San Diego Padres,Pittsburgh Pirates,PNC Park,823401,regular_season
2026-04-06,2026-04-06T23:40:00,Detroit Tigers,Minnesota Twins,Target Field,823728,regular_season
2026-04-06,2026-04-06T22:40:00,Cincinnati Reds,Miami Marlins,loanDepot park,823886,regular_season
2026-04-06,2026-04-07T01:38:00,Atlanta Braves,Los Angeles Angels,Angel Stadium,824052,regular_season
2026-04-06,2026-04-07T00:40:00,Houston Astros,Colorado Rockies,Coors Field,824376,regular_season
2026-04-06,2026-04-06T22:10:00,Kansas City Royals,Cleveland Guardians,Progressive Field,824456,regular_season
2026-04-06,2026-04-06T23:40:00,Baltimore Orioles,Chicago White Sox,Rate Field,824619,regular_season
2026-04-06,2026-04-06T22:45:00,Milwaukee Brewers,Boston Red Sox,Fenway Park,824783,regular_season
2026-04-07,2026-04-07T22:45:00,St. Louis Cardinals,Washington Nationals,Nationals Park,822754,regular_season
2026-04-07,2026-04-07T23:07:00,Los Angeles Dodgers,Toronto Blue Jays,Rogers Centre,822831,regular_season
2026-04-07,2026-04-08T00:05:00,Seattle Mariners,Texas Rangers,Globe Life Field,822916,regular_season
2026-04-07,2026-04-07T22:40:00,Chicago Cubs,Tampa Bay Rays,Tropicana Field,822999,regular_season
2026-04-07,2026-04-08T01:45:00,Philadelphia Phillies,San Francisco Giants,Oracle Park,823235,regular_season
2026-04-07,2026-04-07T22:40:00,San Diego Padres,Pittsburgh Pirates,PNC Park,823402,regular_season
2026-04-07,2026-04-07T23:05:00,Athletics,New York Yankees,Yankee Stadium,823567,regular_season
2026-04-07,2026-04-07T20:10:00,Arizona Diamondbacks,New York Mets,Citi Field,823648,regular_season
2026-04-07,2026-04-07T23:40:00,Detroit Tigers,Minnesota Twins,Target Field,823727,regular_season
2026-04-07,2026-04-07T22:40:00,Cincinnati Reds,Miami Marlins,loanDepot park,823887,regular_season
2026-04-07,2026-04-08T01:38:00,Atlanta Braves,Los Angeles Angels,Angel Stadium,824051,regular_season
2026-04-07,2026-04-08T00:40:00,Houston Astros,Colorado Rockies,Coors Field,824375,regular_season
2026-04-07,2026-04-07T17:10:00,Kansas City Royals,Cleveland Guardians,Progressive Field,824457,regular_season
2026-04-07,2026-04-07T19:10:00,Baltimore Orioles,Chicago White Sox,Rate Field,824618,regular_season
2026-04-07,2026-04-07T22:45:00,Milwaukee Brewers,Boston Red Sox,Fenway Park,824780,regular_season
2026-04-08,2026-04-08T20:05:00,St. Louis Cardinals,Washington Nationals,Nationals Park,822753,regular_season
2026-04-08,2026-04-08T19:07:00,Los Angeles Dodgers,Toronto Blue Jays,Rogers Centre,822833,regular_season
2026-04-08,2026-04-08T18:35:00,Seattle Mariners,Texas Rangers,Globe Life Field,822915,regular_season
2026-04-08,2026-04-08T22:40:00,Chicago Cubs,Tampa Bay Rays,Tropicana Field,823000,regular_season
2026-04-08,2026-04-08T19:45:00,Philadelphia Phillies,San Francisco Giants,Oracle Park,823234,regular_season
2026-04-08,2026-04-08T16:35:00,San Diego Padres,Pittsburgh Pirates,PNC Park,823403,regular_season
2026-04-08,2026-04-08T23:05:00,Athletics,New York Yankees,Yankee Stadium,823564,regular_season
2026-04-08,2026-04-08T20:10:00,Arizona Diamondbacks,New York Mets,Citi Field,823646,regular_season
2026-04-08,2026-04-08T23:40:00,Detroit Tigers,Minnesota Twins,Target Field,823726,regular_season
2026-04-08,2026-04-08T22:40:00,Cincinnati Reds,Miami Marlins,loanDepot park,823885,regular_season
2026-04-08,2026-04-08T20:07:00,Atlanta Braves,Los Angeles Angels,Angel Stadium,824050,regular_season
2026-04-08,2026-04-08T19:10:00,Houston Astros,Colorado Rockies,Coors Field,824374,regular_season
2026-04-08,2026-04-08T17:10:00,Kansas City Royals,Cleveland Guardians,Progressive Field,824455,regular_season
2026-04-08,2026-04-08T18:10:00,Baltimore Orioles,Chicago White Sox,Rate Field,824617,regular_season
2026-04-08,2026-04-08T17:35:00,Milwaukee Brewers,Boston Red Sox,Fenway Park,824779,regular_season
2026-04-09,2026-04-10T01:40:00,Colorado Rockies,San Diego Padres,Petco Park,823319,regular_season
2026-04-09,2026-04-09T17:35:00,Athletics,New York Yankees,Yankee Stadium,823565,regular_season
2026-04-09,2026-04-09T23:10:00,Arizona Diamondbacks,New York Mets,Citi Field,823645,regular_season
2026-04-09,2026-04-09T17:40:00,Detroit Tigers,Minnesota Twins,Target Field,823724,regular_season
2026-04-09,2026-04-09T16:10:00,Cincinnati Reds,Miami Marlins,loanDepot park,823884,regular_season
2026-04-09,2026-04-09T23:40:00,Chicago White Sox,Kansas City Royals,Kauffman Stadium,824130,regular_season
2026-04-10,2026-04-10T23:07:00,Minnesota Twins,Toronto Blue Jays,Rogers Centre,822829,regular_season
2026-04-10,2026-04-10T23:10:00,New York Yankees,Tampa Bay Rays,Tropicana Field,822997,regular_season
2026-04-10,2026-04-11T00:15:00,Boston Red Sox,St. Louis Cardinals,Busch Stadium,823076,regular_season
2026-04-10,2026-04-11T01:40:00,Houston Astros,Seattle Mariners,T-Mobile Park,823156,regular_season
2026-04-10,2026-04-11T01:40:00,Colorado Rockies,San Diego Padres,Petco Park,823318,regular_season
2026-04-10,2026-04-10T22:40:00,Arizona Diamondbacks,Philadelphia Phillies,Citizens Bank Park,823482,regular_season
2026-04-10,2026-04-10T23:10:00,Athletics,New York Mets,Citi Field,823643,regular_season
2026-04-10,2026-04-10T23:40:00,Washington Nationals,Milwaukee Brewers,American Family Field,823808,regular_season
2026-04-10,2026-04-11T02:10:00,Texas Rangers,Los Angeles Dodgers,UNIQLO Field at Dodger Stadium,823968,regular_season
2026-04-10,2026-04-10T23:40:00,Chicago White Sox,Kansas City Royals,Kauffman Stadium,824128,regular_season
2026-04-10,2026-04-10T22:40:00,Miami Marlins,Detroit Tigers,Comerica Park,824297,regular_season
2026-04-10,2026-04-10T22:45:00,Los Angeles Angels,Cincinnati Reds,Great American Ball Park,824534,regular_season
2026-04-10,2026-04-10T18:20:00,Pittsburgh Pirates,Chicago Cubs,Wrigley Field,824695,regular_season
2026-04-10,2026-04-10T23:15:00,San Francisco Giants,Baltimore Orioles,Oriole Park at Camden Yards,824858,regular_season
2026-04-10,2026-04-10T23:15:00,Cleveland Guardians,Atlanta Braves,Truist Park,824941,regular_season
2026-04-11,2026-04-11T19:07:00,Minnesota Twins,Toronto Blue Jays,Rogers Centre,822830,regular_season
2026-04-11,2026-04-11T22:10:00,New York Yankees,Tampa Bay Rays,Tropicana Field,822996,regular_season
2026-04-11,2026-04-11T23:15:00,Boston Red Sox,St. Louis Cardinals,Busch Stadium,823074,regular_season
2026-04-11,2026-04-12T01:40:00,Houston Astros,Seattle Mariners,T-Mobile Park,823155,regular_season
2026-04-11,2026-04-12T00:40:00,Colorado Rockies,San Diego Padres,Petco Park,823316,regular_season
2026-04-11,2026-04-11T17:05:00,Arizona Diamondbacks,Philadelphia Phillies,Citizens Bank Park,823480,regular_season
2026-04-11,2026-04-11T20:10:00,Athletics,New York Mets,Citi Field,823644,regular_season
2026-04-11,2026-04-11T23:10:00,Washington Nationals,Milwaukee Brewers,American Family Field,823805,regular_season
2026-04-11,2026-04-12T01:10:00,Texas Rangers,Los Angeles Dodgers,UNIQLO Field at Dodger Stadium,823967,regular_season
2026-04-11,2026-04-11T20:10:00,Chicago White Sox,Kansas City Royals,Kauffman Stadium,824129,regular_season
2026-04-11,2026-04-11T17:10:00,Miami Marlins,Detroit Tigers,Comerica Park,824294,regular_season
2026-04-11,2026-04-11T20:10:00,Los Angeles Angels,Cincinnati Reds,Great American Ball Park,824535,regular_season
2026-04-11,2026-04-11T18:20:00,Pittsburgh Pirates,Chicago Cubs,Wrigley Field,824697,regular_season
2026-04-11,2026-04-11T23:15:00,San Francisco Giants,Baltimore Orioles,Oriole Park at Camden Yards,824857,regular_season
2026-04-11,2026-04-11T23:15:00,Cleveland Guardians,Atlanta Braves,Truist Park,824939,regular_season
2026-04-12,2026-04-12T17:37:00,Minnesota Twins,Toronto Blue Jays,Rogers Centre,822828,regular_season
2026-04-12,2026-04-12T17:40:00,New York Yankees,Tampa Bay Rays,Tropicana Field,822998,regular_season
2026-04-12,2026-04-12T18:15:00,Boston Red Sox,St. Louis Cardinals,Busch Stadium,823075,regular_season
2026-04-12,2026-04-12T20:10:00,Houston Astros,Seattle Mariners,T-Mobile Park,823154,regular_season
2026-04-12,2026-04-12T20:10:00,Colorado Rockies,San Diego Padres,Petco Park,823317,regular_season
2026-04-12,2026-04-12T17:35:00,Arizona Diamondbacks,Philadelphia Phillies,Citizens Bank Park,823479,regular_season
2026-04-12,2026-04-12T17:40:00,Athletics,New York Mets,Citi Field,823642,regular_season
2026-04-12,2026-04-12T18:10:00,Washington Nationals,Milwaukee Brewers,American Family Field,823804,regular_season
2026-04-12,2026-04-12T20:10:00,Texas Rangers,Los Angeles Dodgers,UNIQLO Field at Dodger Stadium,823966,regular_season
2026-04-12,2026-04-12T18:10:00,Chicago White Sox,Kansas City Royals,Kauffman Stadium,824126,regular_season
2026-04-12,2026-04-12T17:40:00,Miami Marlins,Detroit Tigers,Comerica Park,824293,regular_season
2026-04-12,2026-04-12T17:40:00,Los Angeles Angels,Cincinnati Reds,Great American Ball Park,824533,regular_season
2026-04-12,2026-04-12T18:20:00,Pittsburgh Pirates,Chicago Cubs,Wrigley Field,824696,regular_season
2026-04-12,2026-04-12T17:35:00,San Francisco Giants,Baltimore Orioles,Oriole Park at Camden Yards,824859,regular_season
2026-04-12,2026-04-12T23:20:00,Cleveland Guardians,Atlanta Braves,Truist Park,824938,regular_season
2026-04-13,2026-04-13T23:45:00,Cleveland Guardians,St. Louis Cardinals,Busch Stadium,823073,regular_season
2026-04-13,2026-04-13T20:10:00,Houston Astros,Seattle Mariners,T-Mobile Park,823153,regular_season
2026-04-13,2026-04-13T22:40:00,Washington Nationals,Pittsburgh Pirates,PNC Park,823400,regular_season
2026-04-13,2026-04-13T22:40:00,Chicago Cubs,Philadelphia Phillies,Citizens Bank Park,823481,regular_season
2026-04-13,2026-04-13T23:05:00,Los Angeles Angels,New York Yankees,Yankee Stadium,823563,regular_season
2026-04-13,2026-04-13T23:40:00,Boston Red Sox,Minnesota Twins,Target Field,823725,regular_season
2026-04-13,2026-04-14T02:10:00,New York Mets,Los Angeles Dodgers,UNIQLO Field at Dodger Stadium,823964,regular_season
2026-04-13,2026-04-13T22:35:00,Arizona Diamondbacks,Baltimore Orioles,Oriole Park at Camden Yards,824856,regular_season
2026-04-13,2026-04-13T23:15:00,Miami Marlins,Atlanta Braves,Truist Park,824937,regular_season
2026-04-13,2026-04-14T01:40:00,Texas Rangers,Athletics,Sutter Health Park,825024,regular_season
2026-04-14,2026-04-14T23:45:00,Cleveland Guardians,St. Louis Cardinals,Busch Stadium,823072,regular_season
2026-04-14,2026-04-15T01:40:00,Seattle Mariners,San Diego Padres,Petco Park,823315,regular_season
2026-04-14,2026-04-14T22:40:00,Washington Nationals,Pittsburgh Pirates,PNC Park,823398,regular_season
2026-04-14,2026-04-14T22:40:00,Chicago Cubs,Philadelphia Phillies,Citizens Bank Park,823478,regular_season
2026-04-14,2026-04-14T23:05:00,Los Angeles Angels,New York Yankees,Yankee Stadium,823562,regular_season
2026-04-14,2026-04-14T23:40:00,Boston Red Sox,Minnesota Twins,Target Field,823723,regular_season
2026-04-14,2026-04-14T23:40:00,Toronto Blue Jays,Milwaukee Brewers,American Family Field,823802,regular_season
2026-04-14,2026-04-15T02:10:00,New York Mets,Los Angeles Dodgers,UNIQLO Field at Dodger Stadium,823965,regular_season
2026-04-14,2026-04-15T00:10:00,Colorado Rockies,Houston Astros,Daikin Park,824210,regular_season
2026-04-14,2026-04-14T22:40:00,Kansas City Royals,Detroit Tigers,Comerica Park,824292,regular_season
2026-04-14,2026-04-14T22:40:00,San Francisco Giants,Cincinnati Reds,Great American Ball Park,824531,regular_season
2026-04-14,2026-04-14T23:40:00,Tampa Bay Rays,Chicago White Sox,Rate Field,824616,regular_season
2026-04-14,2026-04-14T22:35:00,Arizona Diamondbacks,Baltimore Orioles,Oriole Park at Camden Yards,824853,regular_season
2026-04-14,2026-04-14T23:15:00,Miami Marlins,Atlanta Braves,Truist Park,824935,regular_season
2026-04-14,2026-04-15T01:40:00,Texas Rangers,Athletics,Sutter Health Park,825022,regular_season
2026-04-15,2026-04-15T17:15:00,Cleveland Guardians,St. Louis Cardinals,Busch Stadium,823071,regular_season
2026-04-15,2026-04-16T01:40:00,Seattle Mariners,San Diego Padres,Petco Park,823314,regular_season
2026-04-15,2026-04-15T22:40:00,Washington Nationals,Pittsburgh Pirates,PNC Park,823399,regular_season
2026-04-15,2026-04-15T22:40:00,Chicago Cubs,Philadelphia Phillies,Citizens Bank Park,823477,regular_season
2026-04-15,2026-04-15T23:05:00,Los Angeles Angels,New York Yankees,Yankee Stadium,823561,regular_season
2026-04-15,2026-04-15T17:40:00,Boston Red Sox,Minnesota Twins,Target Field,823722,regular_season
2026-04-15,2026-04-15T23:40:00,Toronto Blue Jays,Milwaukee Brewers,American Family Field,823803,regular_season
2026-04-15,2026-04-16T02:10:00,New York Mets,Los Angeles Dodgers,UNIQLO Field at Dodger Stadium,823963,regular_season
2026-04-15,2026-04-16T00:10:00,Colorado Rockies,Houston Astros,Daikin Park,824209,regular_season
2026-04-15,2026-04-15T22:40:00,Kansas City Royals,Detroit Tigers,Comerica Park,824291,regular_season
2026-04-15,2026-04-15T22:40:00,San Francisco Giants,Cincinnati Reds,Great American Ball Park,824532,regular_season
2026-04-15,2026-04-15T23:40:00,Tampa Bay Rays,Chicago White Sox,Rate Field,824615,regular_season
2026-04-15,2026-04-15T16:35:00,Arizona Diamondbacks,Baltimore Orioles,Oriole Park at Camden Yards,824855,regular_season
2026-04-15,2026-04-15T23:15:00,Miami Marlins,Atlanta Braves,Truist Park,824936,regular_season
2026-04-15,2026-04-16T01:40:00,Texas Rangers,Athletics,Sutter Health Park,825021,regular_season
2026-04-16,2026-04-17T00:40:00,Seattle Mariners,San Diego Padres,Petco Park,823313,regular_season
2026-04-16,2026-04-16T16:35:00,Washington Nationals,Pittsburgh Pirates,PNC Park,823396,regular_season
2026-04-16,2026-04-16T17:35:00,Los Angeles Angels,New York Yankees,Yankee Stadium,823560,regular_season
2026-04-16,2026-04-16T17:40:00,Toronto Blue Jays,Milwaukee Brewers,American Family Field,823801,regular_season
2026-04-16,2026-04-17T00:10:00,Colorado Rockies,Houston Astros,Daikin Park,824208,regular_season
2026-04-16,2026-04-16T17:10:00,Kansas City Royals,Detroit Tigers,Comerica Park,824289,regular_season
2026-04-16,2026-04-16T22:10:00,Baltimore Orioles,Cleveland Guardians,Progressive Field,824453,regular_season
2026-04-16,2026-04-16T16:40:00,San Francisco Giants,Cincinnati Reds,Great American Ball Park,824530,regular_season
2026-04-16,2026-04-16T18:10:00,Tampa Bay Rays,Chicago White Sox,Rate Field,824614,regular_season
2026-04-16,2026-04-16T19:05:00,Texas Rangers,Athletics,Sutter Health Park,825023,regular_season
2026-04-17,2026-04-17T22:45:00,San Francisco Giants,Washington Nationals,Nationals Park,822752,regular_season
2026-04-17,2026-04-18T01:40:00,Texas Rangers,Seattle Mariners,T-Mobile Park,823152,regular_season
2026-04-17,2026-04-17T22:45:00,Tampa Bay Rays,Pittsburgh Pirates,PNC Park,823397,regular_season
2026-04-17,2026-04-17T22:40:00,Atlanta Braves,Philadelphia Phillies,Citizens Bank Park,823476,regular_season
2026-04-17,2026-04-17T23:05:00,Kansas City Royals,New York Yankees,Yankee Stadium,823559,regular_season
2026-04-17,2026-04-18T00:10:00,Cincinnati Reds,Minnesota Twins,Target Field,823720,regular_season
2026-04-17,2026-04-17T23:10:00,Milwaukee Brewers,Miami Marlins,loanDepot park,823883,regular_season
2026-04-17,2026-04-18T01:38:00,San Diego Padres,Los Angeles Angels,Angel Stadium,824048,regular_season
2026-04-17,2026-04-18T00:10:00,St. Louis Cardinals,Houston Astros,Daikin Park,824207,regular_season
2026-04-17,2026-04-18T00:40:00,Los Angeles Dodgers,Colorado Rockies,Coors Field,824373,regular_season
2026-04-17,2026-04-17T22:10:00,Baltimore Orioles,Cleveland Guardians,Progressive Field,824454,regular_season
2026-04-17,2026-04-17T18:20:00,New York Mets,Chicago Cubs,Wrigley Field,824693,regular_season
2026-04-17,2026-04-17T23:15:00,Detroit Tigers,Boston Red Sox,Fenway Park,824778,regular_season
2026-04-17,2026-04-18T01:40:00,Chicago White Sox,Athletics,Sutter Health Park,825019,regular_season
2026-04-17,2026-04-18T01:40:00,Toronto Blue Jays,Arizona Diamondbacks,Chase Field,825101,regular_season
2026-04-18,2026-04-18T20:05:00,San Francisco Giants,Washington Nationals,Nationals Park,822751,regular_season
2026-04-18,2026-04-18T23:15:00,Texas Rangers,Seattle Mariners,T-Mobile Park,823151,regular_season
2026-04-18,2026-04-18T19:30:00,Tampa Bay Rays,Pittsburgh Pirates,PNC Park,823394,regular_season
2026-04-18,2026-04-18T23:15:00,Atlanta Braves,Philadelphia Phillies,Citizens Bank Park,823474,regular_season
2026-04-18,2026-04-18T17:35:00,Kansas City Royals,New York Yankees,Yankee Stadium,823558,regular_season
2026-04-18,2026-04-18T18:10:00,Cincinnati Reds,Minnesota Twins,Target Field,823721,regular_season
2026-04-18,2026-04-18T20:10:00,Milwaukee Brewers,Miami Marlins,loanDepot park,823882,regular_season
2026-04-18,2026-04-19T01:38:00,San Diego Padres,Los Angeles Angels,Angel Stadium,824049,regular_season
2026-04-18,2026-04-18T23:10:00,St. Louis Cardinals,Houston Astros,Daikin Park,824206,regular_season
2026-04-18,2026-04-19T00:10:00,Los Angeles Dodgers,Colorado Rockies,Coors Field,824372,regular_season
2026-04-18,2026-04-18T22:10:00,Baltimore Orioles,Cleveland Guardians,Progressive Field,824451,regular_season
2026-04-18,2026-04-18T18:20:00,New York Mets,Chicago Cubs,Wrigley Field,824694,regular_season
2026-04-18,2026-04-18T20:10:00,Detroit Tigers,Boston Red Sox,Fenway Park,824775,regular_season
2026-04-18,2026-04-18T20:05:00,Chicago White Sox,Athletics,Sutter Health Park,825020,regular_season
2026-04-18,2026-04-19T00:10:00,Toronto Blue Jays,Arizona Diamondbacks,Chase Field,825098,regular_season
2026-04-19,2026-04-19T17:35:00,San Francisco Giants,Washington Nationals,Nationals Park,822750,regular_season
2026-04-19,2026-04-19T20:10:00,Texas Rangers,Seattle Mariners,T-Mobile Park,823150,regular_season
2026-04-19,2026-04-19T17:35:00,Tampa Bay Rays,Pittsburgh Pirates,PNC Park,823393,regular_season
2026-04-19,2026-04-19T23:20:00,Atlanta Braves,Philadelphia Phillies,Citizens Bank Park,823475,regular_season
2026-04-19,2026-04-19T17:35:00,Kansas City Royals,New York Yankees,Yankee Stadium,823556,regular_season
2026-04-19,2026-04-19T18:10:00,Cincinnati Reds,Minnesota Twins,Target Field,823718,regular_season
2026-04-19,2026-04-19T17:40:00,Milwaukee Brewers,Miami Marlins,loanDepot park,823881,regular_season
2026-04-19,2026-04-19T20:07:00,San Diego Padres,Los Angeles Angels,Angel Stadium,824047,regular_season
2026-04-19,2026-04-19T18:10:00,St. Louis Cardinals,Houston Astros,Daikin Park,824205,regular_season
2026-04-19,2026-04-19T19:10:00,Los Angeles Dodgers,Colorado Rockies,Coors Field,824371,regular_season
2026-04-19,2026-04-19T17:40:00,Baltimore Orioles,Cleveland Guardians,Progressive Field,824452,regular_season
2026-04-19,2026-04-19T18:20:00,New York Mets,Chicago Cubs,Wrigley Field,824691,regular_season
2026-04-19,2026-04-19T20:35:00,Detroit Tigers,Boston Red Sox,Fenway Park,824777,regular_season
2026-04-19,2026-04-19T20:05:00,Chicago White Sox,Athletics,Sutter Health Park,825018,regular_season
2026-04-19,2026-04-19T20:10:00,Toronto Blue Jays,Arizona Diamondbacks,Chase Field,825100,regular_season
2026-04-20,2026-04-20T22:45:00,Atlanta Braves,Washington Nationals,Nationals Park,822749,regular_season
2026-04-20,2026-04-20T22:40:00,Cincinnati Reds,Tampa Bay Rays,Tropicana Field,822994,regular_season
2026-04-20,2026-04-21T01:40:00,Athletics,Seattle Mariners,T-Mobile Park,823149,regular_season
2026-04-20,2026-04-20T22:40:00,St. Louis Cardinals,Miami Marlins,loanDepot park,823879,regular_season
2026-04-20,2026-04-21T01:38:00,Toronto Blue Jays,Los Angeles Angels,Angel Stadium,824046,regular_season
2026-04-20,2026-04-20T23:40:00,Baltimore Orioles,Kansas City Royals,Kauffman Stadium,824125,regular_season
2026-04-20,2026-04-21T00:40:00,Los Angeles Dodgers,Colorado Rockies,Coors Field,824370,regular_season
2026-04-20,2026-04-20T22:10:00,Houston Astros,Cleveland Guardians,Progressive Field,824450,regular_season
2026-04-20,2026-04-20T23:40:00,Philadelphia Phillies,Chicago Cubs,Wrigley Field,824692,regular_season
2026-04-20,2026-04-20T15:10:00,Detroit Tigers,Boston Red Sox,Fenway Park,824776,regular_season
2026-04-21,2026-04-21T22:45:00,Atlanta Braves,Washington Nationals,Nationals Park,822747,regular_season
2026-04-21,2026-04-22T00:05:00,Pittsburgh Pirates,Texas Rangers,Globe Life Field,822914,regular_season
2026-04-21,2026-04-21T22:40:00,Cincinnati Reds,Tampa Bay Rays,Tropicana Field,822995,regular_season
2026-04-21,2026-04-22T01:40:00,Athletics,Seattle Mariners,T-Mobile Park,823148,regular_season
2026-04-21,2026-04-22T01:45:00,Los Angeles Dodgers,San Francisco Giants,Oracle Park,823236,regular_season
2026-04-21,2026-04-21T23:10:00,Minnesota Twins,New York Mets,Citi Field,823640,regular_season
2026-04-21,2026-04-21T22:40:00,St. Louis Cardinals,Miami Marlins,loanDepot park,823880,regular_season
2026-04-21,2026-04-22T01:38:00,Toronto Blue Jays,Los Angeles Angels,Angel Stadium,824045,regular_season
2026-04-21,2026-04-21T23:40:00,Baltimore Orioles,Kansas City Royals,Kauffman Stadium,824127,regular_season
2026-04-21,2026-04-21T22:40:00,Milwaukee Brewers,Detroit Tigers,Comerica Park,824290,regular_season
2026-04-21,2026-04-22T00:40:00,San Diego Padres,Colorado Rockies,Coors Field,824369,regular_season
2026-04-21,2026-04-21T22:10:00,Houston Astros,Cleveland Guardians,Progressive Field,824448,regular_season
2026-04-21,2026-04-21T23:40:00,Philadelphia Phillies,Chicago Cubs,Wrigley Field,824690,regular_season
2026-04-21,2026-04-21T22:45:00,New York Yankees,Boston Red Sox,Fenway Park,824773,regular_season
2026-04-21,2026-04-22T01:40:00,Chicago White Sox,Arizona Diamondbacks,Chase Field,825099,regular_season
2026-04-22,2026-04-22T22:45:00,Atlanta Braves,Washington Nationals,Nationals Park,822748,regular_season
2026-04-22,2026-04-23T00:05:00,Pittsburgh Pirates,Texas Rangers,Globe Life Field,822913,regular_season
2026-04-22,2026-04-22T17:10:00,Cincinnati Reds,Tampa Bay Rays,Tropicana Field,822993,regular_season
2026-04-22,2026-04-22T20:10:00,Athletics,Seattle Mariners,T-Mobile Park,823147,regular_season
2026-04-22,2026-04-23T01:45:00,Los Angeles Dodgers,San Francisco Giants,Oracle Park,823231,regular_season
2026-04-22,2026-04-22T23:10:00,Minnesota Twins,New York Mets,Citi Field,823641,regular_season
2026-04-22,2026-04-22T16:10:00,St. Louis Cardinals,Miami Marlins,loanDepot park,823878,regular_season
2026-04-22,2026-04-22T19:07:00,Toronto Blue Jays,Los Angeles Angels,Angel Stadium,824044,regular_season
2026-04-22,2026-04-22T18:10:00,Baltimore Orioles,Kansas City Royals,Kauffman Stadium,824123,regular_season
2026-04-22,2026-04-22T22:40:00,Milwaukee Brewers,Detroit Tigers,Comerica Park,824286,regular_season
2026-04-22,2026-04-23T00:40:00,San Diego Padres,Colorado Rockies,Coors Field,824367,regular_season
2026-04-22,2026-04-22T17:10:00,Houston Astros,Cleveland Guardians,Progressive Field,824449,regular_season
2026-04-22,2026-04-22T23:40:00,Philadelphia Phillies,Chicago Cubs,Wrigley Field,824688,regular_season
2026-04-22,2026-04-22T22:45:00,New York Yankees,Boston Red Sox,Fenway Park,824774,regular_season
2026-04-22,2026-04-23T01:40:00,Chicago White Sox,Arizona Diamondbacks,Chase Field,825097,regular_season
2026-04-23,2026-04-23T17:05:00,Atlanta Braves,Washington Nationals,Nationals Park,822745,regular_season
2026-04-23,2026-04-24T00:05:00,Pittsburgh Pirates,Texas Rangers,Globe Life Field,822912,regular_season
2026-04-23,2026-04-23T19:45:00,Los Angeles Dodgers,San Francisco Giants,Oracle Park,823233,regular_season
2026-04-23,2026-04-23T23:10:00,Minnesota Twins,New York Mets,Citi Field,823639,regular_season
2026-04-23,2026-04-23T17:10:00,Milwaukee Brewers,Detroit Tigers,Comerica Park,824288,regular_season
2026-04-23,2026-04-23T19:10:00,San Diego Padres,Colorado Rockies,Coors Field,824368,regular_season
2026-04-23,2026-04-23T18:20:00,Philadelphia Phillies,Chicago Cubs,Wrigley Field,824689,regular_season
2026-04-23,2026-04-23T22:10:00,New York Yankees,Boston Red Sox,Fenway Park,824770,regular_season
2026-04-23,2026-04-23T19:40:00,Chicago White Sox,Arizona Diamondbacks,Chase Field,825096,regular_season
2026-04-24,2026-04-24T23:07:00,Cleveland Guardians,Toronto Blue Jays,Rogers Centre,822827,regular_season
2026-04-24,2026-04-25T00:05:00,Athletics,Texas Rangers,Globe Life Field,822909,regular_season
2026-04-24,2026-04-24T23:10:00,Minnesota Twins,Tampa Bay Rays,Tropicana Field,822992,regular_season
2026-04-24,2026-04-25T00:15:00,Seattle Mariners,St. Louis Cardinals,Busch Stadium,823069,regular_season
2026-04-24,2026-04-25T02:15:00,Miami Marlins,San Francisco Giants,Oracle Park,823232,regular_season
2026-04-24,2026-04-24T23:10:00,Colorado Rockies,New York Mets,Citi Field,823638,regular_season
2026-04-24,2026-04-24T23:40:00,Pittsburgh Pirates,Milwaukee Brewers,American Family Field,823800,regular_season
2026-04-24,2026-04-25T02:15:00,Chicago Cubs,Los Angeles Dodgers,UNIQLO Field at Dodger Stadium,823962,regular_season
2026-04-24,2026-04-24T23:40:00,Los Angeles Angels,Kansas City Royals,Kauffman Stadium,824124,regular_season
2026-04-24,2026-04-25T00:10:00,New York Yankees,Houston Astros,Daikin Park,824204,regular_season
2026-04-24,2026-04-24T22:40:00,Detroit Tigers,Cincinnati Reds,Great American Ball Park,824529,regular_season
2026-04-24,2026-04-24T23:40:00,Washington Nationals,Chicago White Sox,Rate Field,824611,regular_season
2026-04-24,2026-04-24T23:05:00,Boston Red Sox,Baltimore Orioles,Oriole Park at Camden Yards,824854,regular_season
2026-04-24,2026-04-24T23:15:00,Philadelphia Phillies,Atlanta Braves,Truist Park,824932,regular_season
2026-04-25,2026-04-25T19:07:00,Cleveland Guardians,Toronto Blue Jays,Rogers Centre,822826,regular_season
2026-04-25,2026-04-25T23:05:00,Athletics,Texas Rangers,Globe Life Field,822910,regular_season
2026-04-25,2026-04-25T20:10:00,Minnesota Twins,Tampa Bay Rays,Tropicana Field,822989,regular_season
2026-04-25,2026-04-25T18:15:00,Seattle Mariners,St. Louis Cardinals,Busch Stadium,823070,regular_season
2026-04-25,2026-04-25T20:05:00,Miami Marlins,San Francisco Giants,Oracle Park,823229,regular_season
2026-04-25,2026-04-25T23:10:00,Pittsburgh Pirates,Milwaukee Brewers,American Family Field,823799,regular_season
2026-04-25,2026-04-25T23:15:00,Chicago Cubs,Los Angeles Dodgers,UNIQLO Field at Dodger Stadium,823960,regular_season
2026-04-25,2026-04-25T23:10:00,Los Angeles Angels,Kansas City Royals,Kauffman Stadium,824121,regular_season
2026-04-25,2026-04-25T23:10:00,New York Yankees,Houston Astros,Daikin Park,824203,regular_season
2026-04-25,2026-04-25T23:15:00,Detroit Tigers,Cincinnati Reds,Great American Ball Park,824527,regular_season
2026-04-25,2026-04-25T20:10:00,Washington Nationals,Chicago White Sox,Rate Field,824613,regular_season
2026-04-25,2026-04-25T16:05:00,Boston Red Sox,Baltimore Orioles,Oriole Park at Camden Yards,824851,regular_season
2026-04-25,2026-04-25T23:15:00,Philadelphia Phillies,Atlanta Braves,Truist Park,824933,regular_season
2026-04-25,2026-04-25T22:05:00,San Diego Padres,Arizona Diamondbacks,Estadio Alfredo Harp Helu,825093,regular_season
2026-04-26,2026-04-26T17:37:00,Cleveland Guardians,Toronto Blue Jays,Rogers Centre,822824,regular_season
2026-04-26,2026-04-26T18:35:00,Athletics,Texas Rangers,Globe Life Field,822911,regular_season
2026-04-26,2026-04-26T17:40:00,Minnesota Twins,Tampa Bay Rays,Tropicana Field,822991,regular_season
2026-04-26,2026-04-26T18:15:00,Seattle Mariners,St. Louis Cardinals,Busch Stadium,823068,regular_season
2026-04-26,2026-04-26T20:05:00,Miami Marlins,San Francisco Giants,Oracle Park,823230,regular_season
2026-04-26,2026-04-26T17:40:00,Colorado Rockies,New York Mets,Citi Field,823635,regular_season
2026-04-26,2026-04-25T20:10:00,Colorado Rockies,New York Mets,Citi Field,823637,regular_season
2026-04-26,2026-04-26T17:45:00,Colorado Rockies,New York Mets,Citi Field,823637,regular_season
2026-04-26,2026-04-26T18:10:00,Pittsburgh Pirates,Milwaukee Brewers,American Family Field,823797,regular_season
2026-04-26,2026-04-26T20:10:00,Chicago Cubs,Los Angeles Dodgers,UNIQLO Field at Dodger Stadium,823959,regular_season
2026-04-26,2026-04-26T20:10:00,Los Angeles Angels,Kansas City Royals,Kauffman Stadium,824122,regular_season
2026-04-26,2026-04-26T18:10:00,New York Yankees,Houston Astros,Daikin Park,824202,regular_season
2026-04-26,2026-04-26T17:40:00,Detroit Tigers,Cincinnati Reds,Great American Ball Park,824528,regular_season
2026-04-26,2026-04-26T18:10:00,Washington Nationals,Chicago White Sox,Rate Field,824612,regular_season
2026-04-26,2026-04-26T17:35:00,Boston Red Sox,Baltimore Orioles,Oriole Park at Camden Yards,824852,regular_season
2026-04-26,2026-04-26T17:35:00,Philadelphia Phillies,Atlanta Braves,Truist Park,824934,regular_season
2026-04-26,2026-04-26T20:05:00,San Diego Padres,Arizona Diamondbacks,Estadio Alfredo Harp Helu,825094,regular_season
2026-04-27,2026-04-27T23:07:00,Boston Red Sox,Toronto Blue Jays,Rogers Centre,822825,regular_season
2026-04-27,2026-04-28T00:05:00,New York Yankees,Texas Rangers,Globe Life Field,822906,regular_season
2026-04-27,2026-04-28T01:40:00,Chicago Cubs,San Diego Padres,Petco Park,823311,regular_season
2026-04-27,2026-04-27T22:40:00,St. Louis Cardinals,Pittsburgh Pirates,PNC Park,823395,regular_season
2026-04-27,2026-04-27T23:40:00,Seattle Mariners,Minnesota Twins,Target Field,823719,regular_season
2026-04-27,2026-04-28T02:10:00,Miami Marlins,Los Angeles Dodgers,UNIQLO Field at Dodger Stadium,823961,regular_season
2026-04-27,2026-04-27T22:10:00,Tampa Bay Rays,Cleveland Guardians,Progressive Field,824446,regular_season
2026-04-27,2026-04-27T23:40:00,Los Angeles Angels,Chicago White Sox,Rate Field,824609,regular_season
2026-04-28,2026-04-28T23:07:00,Boston Red Sox,Toronto Blue Jays,Rogers Centre,822823,regular_season
2026-04-28,2026-04-29T00:05:00,New York Yankees,Texas Rangers,Globe Life Field,822908,regular_season
2026-04-28,2026-04-29T01:40:00,Chicago Cubs,San Diego Padres,Petco Park,823310,regular_season
2026-04-28,2026-04-28T22:40:00,St. Louis Cardinals,Pittsburgh Pirates,PNC Park,823390,regular_season
2026-04-28,2026-04-28T22:40:00,San Francisco Giants,Philadelphia Phillies,Citizens Bank Park,823473,regular_season
2026-04-28,2026-04-28T23:10:00,Washington Nationals,New York Mets,Citi Field,823636,regular_season
2026-04-28,2026-04-28T23:40:00,Seattle Mariners,Minnesota Twins,Target Field,823716,regular_season
2026-04-28,2026-04-28T23:40:00,Arizona Diamondbacks,Milwaukee Brewers,American Family Field,823798,regular_season
2026-04-28,2026-04-29T02:10:00,Miami Marlins,Los Angeles Dodgers,UNIQLO Field at Dodger Stadium,823956,regular_season
2026-04-28,2026-04-28T22:10:00,Tampa Bay Rays,Cleveland Guardians,Progressive Field,824447,regular_season
2026-04-28,2026-04-28T22:40:00,Colorado Rockies,Cincinnati Reds,Great American Ball Park,824526,regular_season
2026-04-28,2026-04-28T23:40:00,Los Angeles Angels,Chicago White Sox,Rate Field,824610,regular_season
2026-04-28,2026-04-28T22:35:00,Houston Astros,Baltimore Orioles,Oriole Park at Camden Yards,824849,regular_season
2026-04-28,2026-04-28T23:15:00,Detroit Tigers,Atlanta Braves,Truist Park,824931,regular_season
2026-04-28,2026-04-29T01:40:00,Kansas City Royals,Athletics,Sutter Health Park,825017,regular_season
2026-04-29,2026-04-29T19:07:00,Boston Red Sox,Toronto Blue Jays,Rogers Centre,822821,regular_season
2026-04-29,2026-04-29T18:35:00,New York Yankees,Texas Rangers,Globe Life Field,822907,regular_season
2026-04-29,2026-04-29T20:10:00,Chicago Cubs,San Diego Padres,Petco Park,823312,regular_season
2026-04-29,2026-04-29T22:40:00,St. Louis Cardinals,Pittsburgh Pirates,PNC Park,823392,regular_season
2026-04-29,2026-04-29T23:10:00,Washington Nationals,New York Mets,Citi Field,823633,regular_season
2026-04-29,2026-04-29T17:40:00,Seattle Mariners,Minnesota Twins,Target Field,823717,regular_season
2026-04-29,2026-04-29T23:40:00,Arizona Diamondbacks,Milwaukee Brewers,American Family Field,823796,regular_season
2026-04-29,2026-04-29T19:10:00,Miami Marlins,Los Angeles Dodgers,UNIQLO Field at Dodger Stadium,823958,regular_season
2026-04-29,2026-04-29T17:10:00,Tampa Bay Rays,Cleveland Guardians,Progressive Field,824445,regular_season
2026-04-29,2026-04-29T22:40:00,Colorado Rockies,Cincinnati Reds,Great American Ball Park,824525,regular_season
2026-04-29,2026-04-29T17:10:00,Los Angeles Angels,Chicago White Sox,Rate Field,824608,regular_season
2026-04-29,2026-04-29T23:15:00,Detroit Tigers,Atlanta Braves,Truist Park,824930,regular_season
2026-04-29,2026-04-30T01:40:00,Kansas City Royals,Athletics,Sutter Health Park,825015,regular_season
2026-04-30,2026-04-30T16:35:00,St. Louis Cardinals,Pittsburgh Pirates,PNC Park,823391,regular_season
2026-04-30,2026-04-29T22:10:00,San Francisco Giants,Philadelphia Phillies,Citizens Bank Park,823471,regular_season
2026-04-30,2026-04-30T21:35:00,San Francisco Giants,Philadelphia Phillies,Citizens Bank Park,823471,regular_season
2026-04-30,2026-04-30T16:35:00,San Francisco Giants,Philadelphia Phillies,Citizens Bank Park,823472,regular_season
2026-04-30,2026-04-30T17:10:00,Washington Nationals,New York Mets,Citi Field,823634,regular_season
2026-04-30,2026-04-30T23:40:00,Toronto Blue Jays,Minnesota Twins,Target Field,823714,regular_season
2026-04-30,2026-04-30T17:40:00,Arizona Diamondbacks,Milwaukee Brewers,American Family Field,823795,regular_season
2026-04-30,2026-04-30T16:40:00,Colorado Rockies,Cincinnati Reds,Great American Ball Park,824524,regular_season
2026-04-30,2026-04-30T16:35:00,Houston Astros,Baltimore Orioles,Oriole Park at Camden Yards,824848,regular_season
2026-04-30,2026-04-29T22:35:00,Houston Astros,Baltimore Orioles,Oriole Park at Camden Yards,824850,regular_season
2026-04-30,2026-04-30T16:40:00,Houston Astros,Baltimore Orioles,Oriole Park at Camden Yards,824850,regular_season
2026-04-30,2026-04-30T16:15:00,Detroit Tigers,Atlanta Braves,Truist Park,824929,regular_season
2026-04-30,2026-04-30T19:05:00,Kansas City Royals,Athletics,Sutter Health Park,825016,regular_season
2026-05-01,2026-05-01T22:45:00,Milwaukee Brewers,Washington Nationals,Nationals Park,822744,regular_season
2026-05-01,2026-05-01T23:10:00,San Francisco Giants,Tampa Bay Rays,Tropicana Field,822990,regular_season
2026-05-01,2026-05-02T00:15:00,Los Angeles Dodgers,St. Louis Cardinals,Busch Stadium,823066,regular_season
2026-05-01,2026-05-02T01:45:00,Kansas City Royals,Seattle Mariners,T-Mobile Park,823146,regular_season
2026-05-01,2026-05-02T01:40:00,Chicago White Sox,San Diego Padres,Petco Park,823309,regular_season
2026-05-01,2026-05-01T22:45:00,Cincinnati Reds,Pittsburgh Pirates,PNC Park,823389,regular_season
2026-05-01,2026-05-01T23:05:00,Baltimore Orioles,New York Yankees,Yankee Stadium,823557,regular_season
2026-05-01,2026-05-02T00:10:00,Toronto Blue Jays,Minnesota Twins,Target Field,823713,regular_season
2026-05-01,2026-05-01T23:10:00,Philadelphia Phillies,Miami Marlins,loanDepot park,823877,regular_season
2026-05-01,2026-05-02T01:38:00,New York Mets,Los Angeles Angels,Angel Stadium,824041,regular_season
2026-05-01,2026-05-01T22:40:00,Texas Rangers,Detroit Tigers,Comerica Park,824287,regular_season
2026-05-01,2026-05-02T00:40:00,Atlanta Braves,Colorado Rockies,Coors Field,824366,regular_season
2026-05-01,2026-05-01T18:20:00,Arizona Diamondbacks,Chicago Cubs,Wrigley Field,824686,regular_season
2026-05-01,2026-05-01T23:10:00,Houston Astros,Boston Red Sox,Fenway Park,824772,regular_season
2026-05-01,2026-05-02T01:40:00,Cleveland Guardians,Athletics,Sutter Health Park,825012,regular_season
2026-05-02,2026-05-02T20:05:00,Milwaukee Brewers,Washington Nationals,Nationals Park,822746,regular_season
2026-05-02,2026-05-02T22:10:00,San Francisco Giants,Tampa Bay Rays,Tropicana Field,822988,regular_season
2026-05-02,2026-05-02T23:15:00,Los Angeles Dodgers,St. Louis Cardinals,Busch Stadium,823067,regular_season
2026-05-02,2026-05-03T01:40:00,Kansas City Royals,Seattle Mariners,T-Mobile Park,823144,regular_season
2026-05-02,2026-05-03T00:40:00,Chicago White Sox,San Diego Padres,Petco Park,823308,regular_season
2026-05-02,2026-05-02T20:05:00,Cincinnati Reds,Pittsburgh Pirates,PNC Park,823388,regular_season
2026-05-02,2026-05-02T17:35:00,Baltimore Orioles,New York Yankees,Yankee Stadium,823554,regular_season
2026-05-02,2026-05-02T18:10:00,Toronto Blue Jays,Minnesota Twins,Target Field,823715,regular_season
2026-05-02,2026-05-02T20:10:00,Philadelphia Phillies,Miami Marlins,loanDepot park,823876,regular_season
2026-05-02,2026-05-03T01:38:00,New York Mets,Los Angeles Angels,Angel Stadium,824042,regular_season
2026-05-02,2026-05-02T23:15:00,Texas Rangers,Detroit Tigers,Comerica Park,824284,regular_season
2026-05-02,2026-05-03T00:10:00,Atlanta Braves,Colorado Rockies,Coors Field,824365,regular_season
2026-05-02,2026-05-02T18:20:00,Arizona Diamondbacks,Chicago Cubs,Wrigley Field,824685,regular_season
2026-05-02,2026-05-02T20:10:00,Houston Astros,Boston Red Sox,Fenway Park,824771,regular_season
2026-05-02,2026-05-02T20:05:00,Cleveland Guardians,Athletics,Sutter Health Park,825014,regular_season
2026-05-03,2026-05-03T17:35:00,Milwaukee Brewers,Washington Nationals,Nationals Park,822742,regular_season
2026-05-03,2026-05-03T17:40:00,San Francisco Giants,Tampa Bay Rays,Tropicana Field,822987,regular_season
2026-05-03,2026-05-03T18:15:00,Los Angeles Dodgers,St. Louis Cardinals,Busch Stadium,823065,regular_season
2026-05-03,2026-05-03T20:10:00,Kansas City Royals,Seattle Mariners,T-Mobile Park,823145,regular_season
2026-05-03,2026-05-03T20:10:00,Chicago White Sox,San Diego Padres,Petco Park,823307,regular_season
2026-05-03,2026-05-03T17:35:00,Cincinnati Reds,Pittsburgh Pirates,PNC Park,823387,regular_season
2026-05-03,2026-05-03T17:35:00,Baltimore Orioles,New York Yankees,Yankee Stadium,823555,regular_season
2026-05-03,2026-05-03T16:45:00,Toronto Blue Jays,Minnesota Twins,Target Field,823711,regular_season
2026-05-03,2026-05-03T17:40:00,Philadelphia Phillies,Miami Marlins,loanDepot park,823875,regular_season
2026-05-03,2026-05-03T20:07:00,New York Mets,Los Angeles Angels,Angel Stadium,824043,regular_season
2026-05-03,2026-05-03T23:20:00,Texas Rangers,Detroit Tigers,Comerica Park,824285,regular_season
2026-05-03,2026-05-03T19:10:00,Atlanta Braves,Colorado Rockies,Coors Field,824364,regular_season
2026-05-03,2026-05-03T18:20:00,Arizona Diamondbacks,Chicago Cubs,Wrigley Field,824687,regular_season
2026-05-03,2026-05-03T17:35:00,Houston Astros,Boston Red Sox,Fenway Park,824769,regular_season
2026-05-03,2026-05-03T20:05:00,Cleveland Guardians,Athletics,Sutter Health Park,825013,regular_season
2026-05-04,2026-05-04T22:40:00,Toronto Blue Jays,Tampa Bay Rays,Tropicana Field,822984,regular_season
2026-05-04,2026-05-04T23:45:00,Milwaukee Brewers,St. Louis Cardinals,Busch Stadium,823064,regular_season
2026-05-04,2026-05-05T01:40:00,Atlanta Braves,Seattle Mariners,T-Mobile Park,823143,regular_season
2026-05-04,2026-05-05T01:45:00,San Diego Padres,San Francisco Giants,Oracle Park,823228,regular_season
2026-05-04,2026-05-04T23:05:00,Baltimore Orioles,New York Yankees,Yankee Stadium,823552,regular_season
2026-05-04,2026-05-04T22:40:00,Philadelphia Phillies,Miami Marlins,loanDepot park,823874,regular_season
2026-05-04,2026-05-05T01:38:00,Chicago White Sox,Los Angeles Angels,Angel Stadium,824039,regular_season
2026-05-04,2026-05-04T23:40:00,Cleveland Guardians,Kansas City Royals,Kauffman Stadium,824120,regular_season
2026-05-04,2026-05-05T00:10:00,Los Angeles Dodgers,Houston Astros,Daikin Park,824201,regular_season
2026-05-04,2026-05-04T22:10:00,Boston Red Sox,Detroit Tigers,Comerica Park,824283,regular_season
2026-05-04,2026-05-04T21:40:00,New York Mets,Colorado Rockies,Coors Field,824363,regular_season
2026-05-04,2026-05-04T23:10:00,Cincinnati Reds,Chicago Cubs,Wrigley Field,824684,regular_season
2026-05-05,2026-05-05T22:45:00,Minnesota Twins,Washington Nationals,Nationals Park,822743,regular_season
2026-05-05,2026-05-05T22:40:00,Toronto Blue Jays,Tampa Bay Rays,Tropicana Field,822986,regular_season
2026-05-05,2026-05-06T01:40:00,Atlanta Braves,Seattle Mariners,T-Mobile Park,823142,regular_season
2026-05-05,2026-05-06T01:45:00,San Diego Padres,San Francisco Giants,Oracle Park,823227,regular_season
2026-05-05,2026-05-05T22:40:00,Athletics,Philadelphia Phillies,Citizens Bank Park,823469,regular_season
2026-05-05,2026-05-05T23:05:00,Texas Rangers,New York Yankees,Yankee Stadium,823553,regular_season
2026-05-05,2026-05-05T22:40:00,Baltimore Orioles,Miami Marlins,loanDepot park,823873,regular_season
2026-05-05,2026-05-06T01:38:00,Chicago White Sox,Los Angeles Angels,Angel Stadium,824040,regular_season
2026-05-05,2026-05-05T23:40:00,Cleveland Guardians,Kansas City Royals,Kauffman Stadium,824119,regular_season
2026-05-05,2026-05-06T00:10:00,Los Angeles Dodgers,Houston Astros,Daikin Park,824200,regular_season
2026-05-05,2026-05-05T22:40:00,Boston Red Sox,Detroit Tigers,Comerica Park,824281,regular_season
2026-05-05,2026-05-05T23:40:00,Cincinnati Reds,Chicago Cubs,Wrigley Field,824682,regular_season
2026-05-05,2026-05-06T01:40:00,Pittsburgh Pirates,Arizona Diamondbacks,Chase Field,825092,regular_season
2026-05-06,2026-05-06T22:45:00,Minnesota Twins,Washington Nationals,Nationals Park,822740,regular_season
2026-05-06,2026-05-06T17:10:00,Toronto Blue Jays,Tampa Bay Rays,Tropicana Field,822985,regular_season
2026-05-06,2026-05-06T17:15:00,Milwaukee Brewers,St. Louis Cardinals,Busch Stadium,823063,regular_season
2026-05-06,2026-05-06T20:10:00,Atlanta Braves,Seattle Mariners,T-Mobile Park,823141,regular_season
2026-05-06,2026-05-06T19:45:00,San Diego Padres,San Francisco Giants,Oracle Park,823226,regular_season
2026-05-06,2026-05-06T22:40:00,Athletics,Philadelphia Phillies,Citizens Bank Park,823470,regular_season
2026-05-06,2026-05-06T23:05:00,Texas Rangers,New York Yankees,Yankee Stadium,823550,regular_season
2026-05-06,2026-05-06T22:40:00,Baltimore Orioles,Miami Marlins,loanDepot park,823872,regular_season
2026-05-06,2026-05-06T20:07:00,Chicago White Sox,Los Angeles Angels,Angel Stadium,824036,regular_season
2026-05-06,2026-05-06T23:40:00,Cleveland Guardians,Kansas City Royals,Kauffman Stadium,824118,regular_season
2026-05-06,2026-05-06T18:10:00,Los Angeles Dodgers,Houston Astros,Daikin Park,824198,regular_season
2026-05-06,2026-05-06T22:40:00,Boston Red Sox,Detroit Tigers,Comerica Park,824282,regular_season
2026-05-06,2026-05-07T01:20:00,New York Mets,Colorado Rockies,Coors Field,824361,regular_season
2026-05-06,2026-05-06T23:40:00,Cincinnati Reds,Chicago Cubs,Wrigley Field,824683,regular_season
2026-05-06,2026-05-07T01:40:00,Pittsburgh Pirates,Arizona Diamondbacks,Chase Field,825091,regular_season
2026-05-07,2026-05-07T17:05:00,Minnesota Twins,Washington Nationals,Nationals Park,822741,regular_season
2026-05-07,2026-05-08T02:10:00,St. Louis Cardinals,San Diego Padres,Petco Park,823306,regular_season
2026-05-07,2026-05-07T22:40:00,Athletics,Philadelphia Phillies,Citizens Bank Park,823467,regular_season
2026-05-07,2026-05-07T16:35:00,Texas Rangers,New York Yankees,Yankee Stadium,823551,regular_season
2026-05-07,2026-05-07T22:40:00,Baltimore Orioles,Miami Marlins,loanDepot park,823870,regular_season
2026-05-07,2026-05-07T18:10:00,Cleveland Guardians,Kansas City Royals,Kauffman Stadium,824117,regular_season
2026-05-07,2026-05-06T00:40:00,New York Mets,Colorado Rockies,Coors Field,824362,regular_season
2026-05-07,2026-05-07T19:10:00,New York Mets,Colorado Rockies,Coors Field,824362,regular_season
2026-05-07,2026-05-07T18:20:00,Cincinnati Reds,Chicago Cubs,Wrigley Field,824681,regular_season
2026-05-07,2026-05-07T23:10:00,Tampa Bay Rays,Boston Red Sox,Fenway Park,824767,regular_season
2026-05-07,2026-05-07T19:40:00,Pittsburgh Pirates,Arizona Diamondbacks,Chase Field,825090,regular_season
2026-05-08,2026-05-08T23:07:00,Los Angeles Angels,Toronto Blue Jays,Rogers Centre,822822,regular_season
2026-05-08,2026-05-09T00:05:00,Chicago Cubs,Texas Rangers,Globe Life Field,822904,regular_season
2026-05-08,2026-05-09T02:15:00,Pittsburgh Pirates,San Francisco Giants,Oracle Park,823225,regular_season
2026-05-08,2026-05-09T01:45:00,St. Louis Cardinals,San Diego Padres,Petco Park,823303,regular_season
2026-05-08,2026-05-08T22:40:00,Colorado Rockies,Philadelphia Phillies,Citizens Bank Park,823466,regular_season
2026-05-08,2026-05-08T23:40:00,New York Yankees,Milwaukee Brewers,American Family Field,823794,regular_season
2026-05-08,2026-05-08T23:10:00,Washington Nationals,Miami Marlins,loanDepot park,823871,regular_season
2026-05-08,2026-05-09T02:10:00,Atlanta Braves,Los Angeles Dodgers,UNIQLO Field at Dodger Stadium,823957,regular_season
2026-05-08,2026-05-08T23:40:00,Detroit Tigers,Kansas City Royals,Kauffman Stadium,824116,regular_season
2026-05-08,2026-05-08T23:15:00,Minnesota Twins,Cleveland Guardians,Progressive Field,824443,regular_season
2026-05-08,2026-05-08T22:10:00,Houston Astros,Cincinnati Reds,Great American Ball Park,824522,regular_season
2026-05-08,2026-05-08T23:40:00,Seattle Mariners,Chicago White Sox,Rate Field,824607,regular_season
2026-05-08,2026-05-08T23:10:00,Tampa Bay Rays,Boston Red Sox,Fenway Park,824768,regular_season
2026-05-08,2026-05-08T23:05:00,Athletics,Baltimore Orioles,Oriole Park at Camden Yards,824846,regular_season
2026-05-08,2026-05-09T01:40:00,New York Mets,Arizona Diamondbacks,Chase Field,825088,regular_season
2026-05-09,2026-05-09T19:07:00,Los Angeles Angels,Toronto Blue Jays,Rogers Centre,822820,regular_season
2026-05-09,2026-05-09T23:05:00,Chicago Cubs,Texas Rangers,Globe Life Field,822905,regular_season
2026-05-09,2026-05-10T01:05:00,Pittsburgh Pirates,San Francisco Giants,Oracle Park,823224,regular_season
2026-05-09,2026-05-09T23:15:00,St. Louis Cardinals,San Diego Padres,Petco Park,823304,regular_season
2026-05-09,2026-05-09T22:05:00,Colorado Rockies,Philadelphia Phillies,Citizens Bank Park,823468,regular_season
2026-05-09,2026-05-09T23:10:00,New York Yankees,Milwaukee Brewers,American Family Field,823792,regular_season
2026-05-09,2026-05-09T20:10:00,Washington Nationals,Miami Marlins,loanDepot park,823869,regular_season
2026-05-09,2026-05-10T01:10:00,Atlanta Braves,Los Angeles Dodgers,UNIQLO Field at Dodger Stadium,823955,regular_season
2026-05-09,2026-05-09T23:10:00,Detroit Tigers,Kansas City Royals,Kauffman Stadium,824115,regular_season
2026-05-09,2026-05-09T22:10:00,Minnesota Twins,Cleveland Guardians,Progressive Field,824444,regular_season
2026-05-09,2026-05-09T20:10:00,Houston Astros,Cincinnati Reds,Great American Ball Park,824523,regular_season
2026-05-09,2026-05-09T23:10:00,Seattle Mariners,Chicago White Sox,Rate Field,824606,regular_season
2026-05-09,2026-05-09T20:05:00,Athletics,Baltimore Orioles,Oriole Park at Camden Yards,824847,regular_season
2026-05-09,2026-05-09T23:15:00,New York Mets,Arizona Diamondbacks,Chase Field,825089,regular_season
2026-05-10,2026-05-10T17:37:00,Los Angeles Angels,Toronto Blue Jays,Rogers Centre,822819,regular_season
2026-05-10,2026-05-10T18:35:00,Chicago Cubs,Texas Rangers,Globe Life Field,822902,regular_season
2026-05-10,2026-05-10T20:05:00,Pittsburgh Pirates,San Francisco Giants,Oracle Park,823221,regular_season
2026-05-10,2026-05-10T20:10:00,St. Louis Cardinals,San Diego Padres,Petco Park,823305,regular_season
2026-05-10,2026-05-10T17:35:00,Colorado Rockies,Philadelphia Phillies,Citizens Bank Park,823463,regular_season
2026-05-10,2026-05-10T18:10:00,New York Yankees,Milwaukee Brewers,American Family Field,823793,regular_season
2026-05-10,2026-05-10T16:15:00,Washington Nationals,Miami Marlins,loanDepot park,823868,regular_season
2026-05-10,2026-05-10T20:10:00,Atlanta Braves,Los Angeles Dodgers,UNIQLO Field at Dodger Stadium,823954,regular_season
2026-05-10,2026-05-10T23:20:00,Detroit Tigers,Kansas City Royals,Kauffman Stadium,824113,regular_season
2026-05-10,2026-05-10T17:40:00,Minnesota Twins,Cleveland Guardians,Progressive Field,824440,regular_season
2026-05-10,2026-05-10T17:40:00,Houston Astros,Cincinnati Reds,Great American Ball Park,824520,regular_season
2026-05-10,2026-05-10T18:10:00,Seattle Mariners,Chicago White Sox,Rate Field,824605,regular_season
2026-05-10,2026-05-10T17:35:00,Tampa Bay Rays,Boston Red Sox,Fenway Park,824765,regular_season
2026-05-10,2026-05-10T17:35:00,Athletics,Baltimore Orioles,Oriole Park at Camden Yards,824845,regular_season
2026-05-10,2026-05-10T20:10:00,New York Mets,Arizona Diamondbacks,Chase Field,825085,regular_season
2026-05-11,2026-05-11T23:07:00,Tampa Bay Rays,Toronto Blue Jays,Rogers Centre,822818,regular_season
2026-05-11,2026-05-12T00:05:00,Arizona Diamondbacks,Texas Rangers,Globe Life Field,822901,regular_season
2026-05-11,2026-05-12T02:10:00,San Francisco Giants,Los Angeles Dodgers,UNIQLO Field at Dodger Stadium,823953,regular_season
2026-05-11,2026-05-12T00:10:00,Seattle Mariners,Houston Astros,Daikin Park,824199,regular_season
2026-05-11,2026-05-11T22:10:00,Los Angeles Angels,Cleveland Guardians,Progressive Field,824441,regular_season
2026-05-11,2026-05-11T22:35:00,New York Yankees,Baltimore Orioles,Oriole Park at Camden Yards,824844,regular_season
2026-05-12,2026-05-12T23:07:00,Tampa Bay Rays,Toronto Blue Jays,Rogers Centre,822817,regular_season
2026-05-12,2026-05-13T00:05:00,Arizona Diamondbacks,Texas Rangers,Globe Life Field,822903,regular_season
2026-05-12,2026-05-12T22:40:00,Colorado Rockies,Pittsburgh Pirates,PNC Park,823385,regular_season
2026-05-12,2026-05-12T23:10:00,Detroit Tigers,New York Mets,Citi Field,823632,regular_season
2026-05-12,2026-05-12T23:40:00,Miami Marlins,Minnesota Twins,Target Field,823712,regular_season
2026-05-12,2026-05-12T23:40:00,San Diego Padres,Milwaukee Brewers,American Family Field,823790,regular_season
2026-05-12,2026-05-13T02:10:00,San Francisco Giants,Los Angeles Dodgers,UNIQLO Field at Dodger Stadium,823951,regular_season
2026-05-12,2026-05-13T00:10:00,Seattle Mariners,Houston Astros,Daikin Park,824197,regular_season
2026-05-12,2026-05-12T22:10:00,Los Angeles Angels,Cleveland Guardians,Progressive Field,824442,regular_season
2026-05-12,2026-05-12T22:40:00,Washington Nationals,Cincinnati Reds,Great American Ball Park,824521,regular_season
2026-05-12,2026-05-12T23:40:00,Kansas City Royals,Chicago White Sox,Rate Field,824604,regular_season
2026-05-12,2026-05-12T22:45:00,Philadelphia Phillies,Boston Red Sox,Fenway Park,824764,regular_season
2026-05-12,2026-05-12T22:35:00,New York Yankees,Baltimore Orioles,Oriole Park at Camden Yards,824843,regular_season
2026-05-12,2026-05-12T23:15:00,Chicago Cubs,Atlanta Braves,Truist Park,824927,regular_season
2026-05-12,2026-05-13T01:40:00,St. Louis Cardinals,Athletics,Sutter Health Park,825011,regular_season
2026-05-13,2026-05-13T23:07:00,Tampa Bay Rays,Toronto Blue Jays,Rogers Centre,822815,regular_season
2026-05-13,2026-05-14T00:05:00,Arizona Diamondbacks,Texas Rangers,Globe Life Field,822900,regular_season
2026-05-13,2026-05-13T22:40:00,Colorado Rockies,Pittsburgh Pirates,PNC Park,823386,regular_season
2026-05-13,2026-05-13T23:10:00,Detroit Tigers,New York Mets,Citi Field,823631,regular_season
2026-05-13,2026-05-13T23:40:00,Miami Marlins,Minnesota Twins,Target Field,823710,regular_season
2026-05-13,2026-05-13T23:40:00,San Diego Padres,Milwaukee Brewers,American Family Field,823791,regular_season
2026-05-13,2026-05-14T02:10:00,San Francisco Giants,Los Angeles Dodgers,UNIQLO Field at Dodger Stadium,823952,regular_season
2026-05-13,2026-05-14T00:10:00,Seattle Mariners,Houston Astros,Daikin Park,824195,regular_season
2026-05-13,2026-05-13T17:10:00,Los Angeles Angels,Cleveland Guardians,Progressive Field,824438,regular_season
2026-05-13,2026-05-13T22:40:00,Washington Nationals,Cincinnati Reds,Great American Ball Park,824519,regular_season
2026-05-13,2026-05-13T23:40:00,Kansas City Royals,Chicago White Sox,Rate Field,824603,regular_season
2026-05-13,2026-05-13T22:45:00,Philadelphia Phillies,Boston Red Sox,Fenway Park,824763,regular_season
2026-05-13,2026-05-13T17:05:00,New York Yankees,Baltimore Orioles,Oriole Park at Camden Yards,824841,regular_season
2026-05-13,2026-05-13T23:15:00,Chicago Cubs,Atlanta Braves,Truist Park,824928,regular_season
2026-05-13,2026-05-14T01:40:00,St. Louis Cardinals,Athletics,Sutter Health Park,825010,regular_season
2026-05-14,2026-05-14T16:35:00,Colorado Rockies,Pittsburgh Pirates,PNC Park,823383,regular_season
2026-05-14,2026-05-14T17:10:00,Detroit Tigers,New York Mets,Citi Field,823630,regular_season
2026-05-14,2026-05-14T17:40:00,Miami Marlins,Minnesota Twins,Target Field,823709,regular_season
2026-05-14,2026-05-14T17:40:00,San Diego Padres,Milwaukee Brewers,American Family Field,823789,regular_season
2026-05-14,2026-05-15T02:10:00,San Francisco Giants,Los Angeles Dodgers,UNIQLO Field at Dodger Stadium,823950,regular_season
2026-05-14,2026-05-14T18:10:00,Seattle Mariners,Houston Astros,Daikin Park,824196,regular_season
2026-05-14,2026-05-14T16:40:00,Washington Nationals,Cincinnati Reds,Great American Ball Park,824517,regular_season
2026-05-14,2026-05-14T23:40:00,Kansas City Royals,Chicago White Sox,Rate Field,824602,regular_season
2026-05-14,2026-05-14T22:45:00,Philadelphia Phillies,Boston Red Sox,Fenway Park,824762,regular_season
2026-05-14,2026-05-14T23:15:00,Chicago Cubs,Atlanta Braves,Truist Park,824926,regular_season
2026-05-14,2026-05-14T19:05:00,St. Louis Cardinals,Athletics,Sutter Health Park,825008,regular_season
2026-05-15,2026-05-15T22:45:00,Baltimore Orioles,Washington Nationals,Nationals Park,822739,regular_season
2026-05-15,2026-05-15T23:10:00,Miami Marlins,Tampa Bay Rays,Tropicana Field,822983,regular_season
2026-05-15,2026-05-16T00:15:00,Kansas City Royals,St. Louis Cardinals,Busch Stadium,823061,regular_season
2026-05-15,2026-05-16T01:40:00,San Diego Padres,Seattle Mariners,T-Mobile Park,823140,regular_season
2026-05-15,2026-05-15T22:40:00,Philadelphia Phillies,Pittsburgh Pirates,PNC Park,823384,regular_season
2026-05-15,2026-05-15T23:15:00,New York Yankees,New York Mets,Citi Field,823629,regular_season
2026-05-15,2026-05-15T23:10:00,Milwaukee Brewers,Minnesota Twins,Target Field,823707,regular_season
2026-05-15,2026-05-16T01:38:00,Los Angeles Dodgers,Los Angeles Angels,Angel Stadium,824037,regular_season
2026-05-15,2026-05-16T00:10:00,Texas Rangers,Houston Astros,Daikin Park,824194,regular_season
2026-05-15,2026-05-15T22:45:00,Toronto Blue Jays,Detroit Tigers,Comerica Park,824280,regular_season
2026-05-15,2026-05-16T00:40:00,Arizona Diamondbacks,Colorado Rockies,Coors Field,824360,regular_season
2026-05-15,2026-05-15T23:10:00,Cincinnati Reds,Cleveland Guardians,Progressive Field,824439,regular_season
2026-05-15,2026-05-15T23:40:00,Chicago Cubs,Chicago White Sox,Rate Field,824601,regular_season
2026-05-15,2026-05-15T23:15:00,Boston Red Sox,Atlanta Braves,Truist Park,824925,regular_season
2026-05-15,2026-05-16T01:40:00,San Francisco Giants,Athletics,Sutter Health Park,825009,regular_season
2026-05-16,2026-05-16T20:05:00,Baltimore Orioles,Washington Nationals,Nationals Park,822737,regular_season
2026-05-16,2026-05-16T20:10:00,Miami Marlins,Tampa Bay Rays,Tropicana Field,822981,regular_season
2026-05-16,2026-05-16T18:15:00,Kansas City Royals,St. Louis Cardinals,Busch Stadium,823060,regular_season
2026-05-16,2026-05-16T23:15:00,San Diego Padres,Seattle Mariners,T-Mobile Park,823139,regular_season
2026-05-16,2026-05-16T20:05:00,Philadelphia Phillies,Pittsburgh Pirates,PNC Park,823382,regular_season
2026-05-16,2026-05-16T23:15:00,New York Yankees,New York Mets,Citi Field,823627,regular_season
2026-05-16,2026-05-16T23:10:00,Milwaukee Brewers,Minnesota Twins,Target Field,823706,regular_season
2026-05-16,2026-05-17T01:38:00,Los Angeles Dodgers,Los Angeles Angels,Angel Stadium,824038,regular_season
2026-05-16,2026-05-16T23:10:00,Texas Rangers,Houston Astros,Daikin Park,824193,regular_season
2026-05-16,2026-05-16T17:10:00,Toronto Blue Jays,Detroit Tigers,Comerica Park,824278,regular_season
2026-05-16,2026-05-16T19:10:00,Arizona Diamondbacks,Colorado Rockies,Coors Field,824359,regular_season
2026-05-16,2026-05-16T22:10:00,Cincinnati Reds,Cleveland Guardians,Progressive Field,824435,regular_season
2026-05-16,2026-05-16T23:10:00,Chicago Cubs,Chicago White Sox,Rate Field,824600,regular_season
2026-05-16,2026-05-16T23:15:00,Boston Red Sox,Atlanta Braves,Truist Park,824924,regular_season
2026-05-16,2026-05-17T01:40:00,San Francisco Giants,Athletics,Sutter Health Park,825007,regular_season
2026-05-17,2026-05-17T17:35:00,Baltimore Orioles,Washington Nationals,Nationals Park,822738,regular_season
2026-05-17,2026-05-17T16:15:00,Miami Marlins,Tampa Bay Rays,Tropicana Field,822982,regular_season
2026-05-17,2026-05-17T18:15:00,Kansas City Royals,St. Louis Cardinals,Busch Stadium,823058,regular_season
2026-05-17,2026-05-17T23:20:00,San Diego Padres,Seattle Mariners,T-Mobile Park,823138,regular_season
2026-05-17,2026-05-17T17:35:00,Philadelphia Phillies,Pittsburgh Pirates,PNC Park,823381,regular_season
2026-05-17,2026-05-17T17:40:00,New York Yankees,New York Mets,Citi Field,823628,regular_season
2026-05-17,2026-05-17T18:10:00,Milwaukee Brewers,Minnesota Twins,Target Field,823708,regular_season
2026-05-17,2026-05-17T20:07:00,Los Angeles Dodgers,Los Angeles Angels,Angel Stadium,824034,regular_season
2026-05-17,2026-05-17T18:10:00,Texas Rangers,Houston Astros,Daikin Park,824192,regular_season
2026-05-17,2026-05-17T17:40:00,Toronto Blue Jays,Detroit Tigers,Comerica Park,824279,regular_season
2026-05-17,2026-05-17T19:10:00,Arizona Diamondbacks,Colorado Rockies,Coors Field,824358,regular_season
2026-05-17,2026-05-17T17:40:00,Cincinnati Reds,Cleveland Guardians,Progressive Field,824436,regular_season
2026-05-17,2026-05-17T18:10:00,Chicago Cubs,Chicago White Sox,Rate Field,824599,regular_season
2026-05-17,2026-05-17T17:35:00,Boston Red Sox,Atlanta Braves,Truist Park,824923,regular_season
2026-05-17,2026-05-17T20:05:00,San Francisco Giants,Athletics,Sutter Health Park,825006,regular_season
2026-05-18,2026-05-18T22:45:00,New York Mets,Washington Nationals,Nationals Park,822734,regular_season
2026-05-18,2026-05-18T22:40:00,Baltimore Orioles,Tampa Bay Rays,Tropicana Field,822980,regular_season
2026-05-18,2026-05-19T01:40:00,Chicago White Sox,Seattle Mariners,T-Mobile Park,823137,regular_season
2026-05-18,2026-05-19T01:40:00,Los Angeles Dodgers,San Diego Padres,Petco Park,823301,regular_season
2026-05-18,2026-05-18T22:40:00,Cincinnati Reds,Philadelphia Phillies,Citizens Bank Park,823465,regular_season
2026-05-18,2026-05-18T23:05:00,Toronto Blue Jays,New York Yankees,Yankee Stadium,823549,regular_season
2026-05-18,2026-05-18T23:40:00,Houston Astros,Minnesota Twins,Target Field,823705,regular_season
2026-05-18,2026-05-18T22:40:00,Atlanta Braves,Miami Marlins,loanDepot park,823867,regular_season
2026-05-18,2026-05-19T01:38:00,Athletics,Los Angeles Angels,Angel Stadium,824035,regular_season
2026-05-18,2026-05-18T23:10:00,Boston Red Sox,Kansas City Royals,Kauffman Stadium,824114,regular_season
2026-05-18,2026-05-18T22:40:00,Cleveland Guardians,Detroit Tigers,Comerica Park,824277,regular_season
2026-05-18,2026-05-19T00:40:00,Texas Rangers,Colorado Rockies,Coors Field,824357,regular_season
2026-05-18,2026-05-18T23:40:00,Milwaukee Brewers,Chicago Cubs,Wrigley Field,824680,regular_season
2026-05-18,2026-05-19T01:40:00,San Francisco Giants,Arizona Diamondbacks,Chase Field,825087,regular_season
2026-05-19,2026-05-19T22:45:00,New York Mets,Washington Nationals,Nationals Park,822736,regular_season
2026-05-19,2026-05-19T22:40:00,Baltimore Orioles,Tampa Bay Rays,Tropicana Field,822979,regular_season
2026-05-19,2026-05-19T23:45:00,Pittsburgh Pirates,St. Louis Cardinals,Busch Stadium,823059,regular_season
2026-05-19,2026-05-20T01:40:00,Chicago White Sox,Seattle Mariners,T-Mobile Park,823136,regular_season
2026-05-19,2026-05-20T01:40:00,Los Angeles Dodgers,San Diego Padres,Petco Park,823302,regular_season
2026-05-19,2026-05-19T22:40:00,Cincinnati Reds,Philadelphia Phillies,Citizens Bank Park,823464,regular_season
2026-05-19,2026-05-19T23:05:00,Toronto Blue Jays,New York Yankees,Yankee Stadium,823548,regular_season
2026-05-19,2026-05-19T23:40:00,Houston Astros,Minnesota Twins,Target Field,823704,regular_season
2026-05-19,2026-05-19T20:10:00,Atlanta Braves,Miami Marlins,loanDepot park,823865,regular_season
2026-05-19,2026-05-20T01:38:00,Athletics,Los Angeles Angels,Angel Stadium,824033,regular_season
2026-05-19,2026-05-19T23:40:00,Boston Red Sox,Kansas City Royals,Kauffman Stadium,824112,regular_season
2026-05-19,2026-05-19T22:40:00,Cleveland Guardians,Detroit Tigers,Comerica Park,824276,regular_season
2026-05-19,2026-05-20T00:40:00,Texas Rangers,Colorado Rockies,Coors Field,824356,regular_season
2026-05-19,2026-05-19T23:40:00,Milwaukee Brewers,Chicago Cubs,Wrigley Field,824677,regular_season
2026-05-19,2026-05-20T01:40:00,San Francisco Giants,Arizona Diamondbacks,Chase Field,825086,regular_season
2026-05-20,2026-05-20T22:45:00,New York Mets,Washington Nationals,Nationals Park,822735,regular_season
2026-05-20,2026-05-20T17:10:00,Baltimore Orioles,Tampa Bay Rays,Tropicana Field,822977,regular_season
2026-05-20,2026-05-20T23:45:00,Pittsburgh Pirates,St. Louis Cardinals,Busch Stadium,823057,regular_season
2026-05-20,2026-05-20T20:10:00,Chicago White Sox,Seattle Mariners,T-Mobile Park,823134,regular_season
2026-05-20,2026-05-21T00:40:00,Los Angeles Dodgers,San Diego Padres,Petco Park,823299,regular_season
2026-05-20,2026-05-20T17:05:00,Cincinnati Reds,Philadelphia Phillies,Citizens Bank Park,823462,regular_season
2026-05-20,2026-05-20T23:05:00,Toronto Blue Jays,New York Yankees,Yankee Stadium,823547,regular_season
2026-05-20,2026-05-20T17:40:00,Houston Astros,Minnesota Twins,Target Field,823703,regular_season
2026-05-20,2026-05-20T22:40:00,Atlanta Braves,Miami Marlins,loanDepot park,823866,regular_season
2026-05-20,2026-05-21T01:38:00,Athletics,Los Angeles Angels,Angel Stadium,824032,regular_season
2026-05-20,2026-05-20T23:40:00,Boston Red Sox,Kansas City Royals,Kauffman Stadium,824111,regular_season
2026-05-20,2026-05-20T22:40:00,Cleveland Guardians,Detroit Tigers,Comerica Park,824273,regular_season
2026-05-20,2026-05-20T19:10:00,Texas Rangers,Colorado Rockies,Coors Field,824355,regular_season
2026-05-20,2026-05-20T23:40:00,Milwaukee Brewers,Chicago Cubs,Wrigley Field,824678,regular_season
2026-05-20,2026-05-20T19:40:00,San Francisco Giants,Arizona Diamondbacks,Chase Field,825084,regular_season
2026-05-21,2026-05-21T20:05:00,New York Mets,Washington Nationals,Nationals Park,822733,regular_season
2026-05-21,2026-05-21T17:15:00,Pittsburgh Pirates,St. Louis Cardinals,Busch Stadium,823056,regular_season
2026-05-21,2026-05-21T23:05:00,Toronto Blue Jays,New York Yankees,Yankee Stadium,823545,regular_season
2026-05-21,2026-05-21T22:40:00,Atlanta Braves,Miami Marlins,loanDepot park,823864,regular_season
2026-05-21,2026-05-22T01:38:00,Athletics,Los Angeles Angels,Angel Stadium,824031,regular_season
2026-05-21,2026-05-21T17:10:00,Cleveland Guardians,Detroit Tigers,Comerica Park,824274,regular_season
2026-05-21,2026-05-22T01:40:00,Colorado Rockies,Arizona Diamondbacks,Chase Field,825083,regular_season
2026-05-22,2026-05-22T23:07:00,Pittsburgh Pirates,Toronto Blue Jays,Rogers Centre,822816,regular_season
2026-05-22,2026-05-23T02:15:00,Chicago White Sox,San Francisco Giants,Oracle Park,823223,regular_season
2026-05-22,2026-05-23T01:40:00,Athletics,San Diego Padres,Petco Park,823298,regular_season
2026-05-22,2026-05-22T22:40:00,Cleveland Guardians,Philadelphia Phillies,Citizens Bank Park,823461,regular_season
2026-05-22,2026-05-22T23:05:00,Tampa Bay Rays,New York Yankees,Yankee Stadium,823546,regular_season
2026-05-22,2026-05-22T23:40:00,Los Angeles Dodgers,Milwaukee Brewers,American Family Field,823788,regular_season
2026-05-22,2026-05-22T23:10:00,New York Mets,Miami Marlins,loanDepot park,823863,regular_season
2026-05-22,2026-05-23T01:38:00,Texas Rangers,Los Angeles Angels,Angel Stadium,824029,regular_season
2026-05-22,2026-05-22T23:40:00,Seattle Mariners,Kansas City Royals,Kauffman Stadium,824110,regular_season
2026-05-22,2026-05-22T18:20:00,Houston Astros,Chicago Cubs,Wrigley Field,824679,regular_season
2026-05-22,2026-05-22T23:10:00,Minnesota Twins,Boston Red Sox,Fenway Park,824761,regular_season
2026-05-22,2026-05-22T23:15:00,Detroit Tigers,Baltimore Orioles,Oriole Park at Camden Yards,824842,regular_season
2026-05-22,2026-05-22T23:15:00,Washington Nationals,Atlanta Braves,Truist Park,824922,regular_season
2026-05-22,2026-05-23T01:40:00,Colorado Rockies,Arizona Diamondbacks,Chase Field,825082,regular_season
2026-05-23,2026-05-23T19:07:00,Pittsburgh Pirates,Toronto Blue Jays,Rogers Centre,822814,regular_season
2026-05-23,2026-05-23T20:05:00,Chicago White Sox,San Francisco Giants,Oracle Park,823222,regular_season
2026-05-23,2026-05-24T01:40:00,Athletics,San Diego Padres,Petco Park,823300,regular_season
2026-05-23,2026-05-23T20:05:00,Cleveland Guardians,Philadelphia Phillies,Citizens Bank Park,823458,regular_season
2026-05-23,2026-05-23T23:15:00,Los Angeles Dodgers,Milwaukee Brewers,American Family Field,823787,regular_season
2026-05-23,2026-05-23T20:10:00,New York Mets,Miami Marlins,loanDepot park,823862,regular_season
2026-05-23,2026-05-24T02:05:00,Texas Rangers,Los Angeles Angels,Angel Stadium,824030,regular_season
2026-05-23,2026-05-23T20:10:00,Seattle Mariners,Kansas City Royals,Kauffman Stadium,824109,regular_season
2026-05-23,2026-05-23T23:15:00,St. Louis Cardinals,Cincinnati Reds,Great American Ball Park,824516,regular_season
2026-05-23,2026-05-22T22:40:00,St. Louis Cardinals,Cincinnati Reds,Great American Ball Park,824518,regular_season
2026-05-23,2026-05-23T17:10:00,St. Louis Cardinals,Cincinnati Reds,Great American Ball Park,824518,regular_season
2026-05-23,2026-05-23T18:20:00,Houston Astros,Chicago Cubs,Wrigley Field,824674,regular_season
2026-05-23,2026-05-23T20:10:00,Minnesota Twins,Boston Red Sox,Fenway Park,824760,regular_season
2026-05-23,2026-05-23T20:10:00,Washington Nationals,Atlanta Braves,Truist Park,824920,regular_season
2026-05-23,2026-05-24T02:10:00,Colorado Rockies,Arizona Diamondbacks,Chase Field,825080,regular_season
2026-05-24,2026-05-24T16:15:00,Pittsburgh Pirates,Toronto Blue Jays,Rogers Centre,822813,regular_season
2026-05-24,2026-05-24T20:05:00,Chicago White Sox,San Francisco Giants,Oracle Park,823220,regular_season
2026-05-24,2026-05-24T20:10:00,Athletics,San Diego Padres,Petco Park,823297,regular_season
2026-05-24,2026-05-24T17:35:00,Cleveland Guardians,Philadelphia Phillies,Citizens Bank Park,823459,regular_season
2026-05-24,2026-05-24T17:35:00,Tampa Bay Rays,New York Yankees,Yankee Stadium,823544,regular_season
2026-05-24,2026-05-24T18:10:00,Los Angeles Dodgers,Milwaukee Brewers,American Family Field,823786,regular_season
2026-05-24,2026-05-24T17:40:00,New York Mets,Miami Marlins,loanDepot park,823861,regular_season
2026-05-24,2026-05-24T23:20:00,Texas Rangers,Los Angeles Angels,Angel Stadium,824028,regular_season
2026-05-24,2026-05-24T18:10:00,Seattle Mariners,Kansas City Royals,Kauffman Stadium,824108,regular_season
2026-05-24,2026-05-24T18:20:00,Houston Astros,Chicago Cubs,Wrigley Field,824676,regular_season
2026-05-24,2026-05-24T17:35:00,Minnesota Twins,Boston Red Sox,Fenway Park,824759,regular_season
2026-05-24,2026-05-24T16:35:00,Detroit Tigers,Baltimore Orioles,Oriole Park at Camden Yards,824839,regular_season
2026-05-24,2026-05-23T20:05:00,Detroit Tigers,Baltimore Orioles,Oriole Park at Camden Yards,824840,regular_season
2026-05-24,2026-05-24T22:05:00,Detroit Tigers,Baltimore Orioles,Oriole Park at Camden Yards,824840,regular_season
2026-05-24,2026-05-24T20:10:00,Washington Nationals,Atlanta Braves,Truist Park,824921,regular_season
2026-05-24,2026-05-24T20:10:00,Colorado Rockies,Arizona Diamondbacks,Chase Field,825081,regular_season
2026-05-25,2026-05-25T23:07:00,Miami Marlins,Toronto Blue Jays,Rogers Centre,822812,regular_season
2026-05-25,2026-05-25T23:05:00,Houston Astros,Texas Rangers,Globe Life Field,822899,regular_season
2026-05-25,2026-05-25T21:05:00,Arizona Diamondbacks,San Francisco Giants,Oracle Park,823219,regular_season
2026-05-25,2026-05-25T22:40:00,Philadelphia Phillies,San Diego Padres,Petco Park,823296,regular_season
2026-05-25,2026-05-25T17:35:00,Chicago Cubs,Pittsburgh Pirates,PNC Park,823380,regular_season
2026-05-25,2026-05-25T20:10:00,Cincinnati Reds,New York Mets,Citi Field,823625,regular_season
2026-05-25,2026-05-25T18:10:00,St. Louis Cardinals,Milwaukee Brewers,American Family Field,823784,regular_season
2026-05-25,2026-05-26T01:10:00,Colorado Rockies,Los Angeles Dodgers,UNIQLO Field at Dodger Stadium,823948,regular_season
2026-05-25,2026-05-25T19:40:00,New York Yankees,Kansas City Royals,Kauffman Stadium,824107,regular_season
2026-05-25,2026-05-25T22:10:00,Washington Nationals,Cleveland Guardians,Progressive Field,824437,regular_season
2026-05-25,2026-05-25T18:10:00,Minnesota Twins,Chicago White Sox,Rate Field,824598,regular_season
2026-05-25,2026-05-25T17:35:00,Tampa Bay Rays,Baltimore Orioles,Oriole Park at Camden Yards,824838,regular_season
2026-05-25,2026-05-26T01:40:00,Seattle Mariners,Athletics,Sutter Health Park,825005,regular_season
2026-05-26,2026-05-26T23:07:00,Miami Marlins,Toronto Blue Jays,Rogers Centre,822811,regular_season
2026-05-26,2026-05-27T00:05:00,Houston Astros,Texas Rangers,Globe Life Field,822898,regular_season
2026-05-26,2026-05-27T01:45:00,Arizona Diamondbacks,San Francisco Giants,Oracle Park,823216,regular_season
2026-05-26,2026-05-27T01:40:00,Philadelphia Phillies,San Diego Padres,Petco Park,823294,regular_season
2026-05-26,2026-05-26T22:40:00,Chicago Cubs,Pittsburgh Pirates,PNC Park,823379,regular_season
2026-05-26,2026-05-26T23:10:00,Cincinnati Reds,New York Mets,Citi Field,823624,regular_season
2026-05-26,2026-05-26T23:40:00,St. Louis Cardinals,Milwaukee Brewers,American Family Field,823785,regular_season
2026-05-26,2026-05-27T02:10:00,Colorado Rockies,Los Angeles Dodgers,UNIQLO Field at Dodger Stadium,823949,regular_season
2026-05-26,2026-05-26T23:40:00,New York Yankees,Kansas City Royals,Kauffman Stadium,824106,regular_season
2026-05-26,2026-05-26T22:40:00,Los Angeles Angels,Detroit Tigers,Comerica Park,824275,regular_season
2026-05-26,2026-05-26T22:10:00,Washington Nationals,Cleveland Guardians,Progressive Field,824434,regular_season
2026-05-26,2026-05-26T23:40:00,Minnesota Twins,Chicago White Sox,Rate Field,824597,regular_season
2026-05-26,2026-05-26T22:45:00,Atlanta Braves,Boston Red Sox,Fenway Park,824758,regular_season
2026-05-26,2026-05-26T22:35:00,Tampa Bay Rays,Baltimore Orioles,Oriole Park at Camden Yards,824837,regular_season
2026-05-26,2026-05-27T01:40:00,Seattle Mariners,Athletics,Sutter Health Park,825004,regular_season
2026-05-27,2026-05-27T17:07:00,Miami Marlins,Toronto Blue Jays,Rogers Centre,822809,regular_season
2026-05-27,2026-05-28T00:05:00,Houston Astros,Texas Rangers,Globe Life Field,822897,regular_season
2026-05-27,2026-05-27T19:45:00,Arizona Diamondbacks,San Francisco Giants,Oracle Park,823217,regular_season
2026-05-27,2026-05-27T20:10:00,Philadelphia Phillies,San Diego Padres,Petco Park,823295,regular_season
2026-05-27,2026-05-27T22:40:00,Chicago Cubs,Pittsburgh Pirates,PNC Park,823376,regular_season
2026-05-27,2026-05-27T23:10:00,Cincinnati Reds,New York Mets,Citi Field,823626,regular_season
2026-05-27,2026-05-27T17:40:00,St. Louis Cardinals,Milwaukee Brewers,American Family Field,823783,regular_season
2026-05-27,2026-05-28T02:10:00,Colorado Rockies,Los Angeles Dodgers,UNIQLO Field at Dodger Stadium,823947,regular_season
2026-05-27,2026-05-27T23:40:00,New York Yankees,Kansas City Royals,Kauffman Stadium,824104,regular_season
2026-05-27,2026-05-27T22:40:00,Los Angeles Angels,Detroit Tigers,Comerica Park,824270,regular_season
2026-05-27,2026-05-27T17:10:00,Washington Nationals,Cleveland Guardians,Progressive Field,824432,regular_season
2026-05-27,2026-05-27T23:40:00,Minnesota Twins,Chicago White Sox,Rate Field,824596,regular_season
2026-05-27,2026-05-27T22:45:00,Atlanta Braves,Boston Red Sox,Fenway Park,824756,regular_season
2026-05-27,2026-05-27T22:35:00,Tampa Bay Rays,Baltimore Orioles,Oriole Park at Camden Yards,824836,regular_season
2026-05-27,2026-05-27T19:05:00,Seattle Mariners,Athletics,Sutter Health Park,825003,regular_season
2026-05-28,2026-05-29T00:05:00,Houston Astros,Texas Rangers,Globe Life Field,822896,regular_season
2026-05-28,2026-05-28T22:40:00,Chicago Cubs,Pittsburgh Pirates,PNC Park,823378,regular_season
2026-05-28,2026-05-28T17:10:00,Los Angeles Angels,Detroit Tigers,Comerica Park,824272,regular_season
2026-05-28,2026-05-28T18:10:00,Minnesota Twins,Chicago White Sox,Rate Field,824595,regular_season
2026-05-28,2026-05-28T20:10:00,Atlanta Braves,Boston Red Sox,Fenway Park,824757,regular_season
2026-05-28,2026-05-28T22:35:00,Toronto Blue Jays,Baltimore Orioles,Oriole Park at Camden Yards,824834,regular_season
2026-05-29,2026-05-29T22:45:00,San Diego Padres,Washington Nationals,Nationals Park,822732,regular_season
2026-05-29,2026-05-30T00:05:00,Kansas City Royals,Texas Rangers,Globe Life Field,822894,regular_season
2026-05-29,2026-05-29T23:10:00,Los Angeles Angels,Tampa Bay Rays,Tropicana Field,822978,regular_season
2026-05-29,2026-05-29T23:15:00,Chicago Cubs,St. Louis Cardinals,Busch Stadium,823055,regular_season
2026-05-29,2026-05-30T02:10:00,Arizona Diamondbacks,Seattle Mariners,T-Mobile Park,823135,regular_season
2026-05-29,2026-05-29T22:45:00,Minnesota Twins,Pittsburgh Pirates,PNC Park,823377,regular_season
2026-05-29,2026-05-29T23:10:00,Miami Marlins,New York Mets,Citi Field,823623,regular_season
2026-05-29,2026-05-30T02:15:00,Philadelphia Phillies,Los Angeles Dodgers,UNIQLO Field at Dodger Stadium,823946,regular_season
2026-05-29,2026-05-30T00:10:00,Milwaukee Brewers,Houston Astros,Daikin Park,824191,regular_season
2026-05-29,2026-05-30T00:40:00,San Francisco Giants,Colorado Rockies,Coors Field,824353,regular_season
2026-05-29,2026-05-29T23:10:00,Boston Red Sox,Cleveland Guardians,Progressive Field,824433,regular_season
2026-05-29,2026-05-29T22:40:00,Atlanta Braves,Cincinnati Reds,Great American Ball Park,824515,regular_season
2026-05-29,2026-05-29T23:40:00,Detroit Tigers,Chicago White Sox,Rate Field,824594,regular_season
2026-05-29,2026-05-29T23:05:00,Toronto Blue Jays,Baltimore Orioles,Oriole Park at Camden Yards,824835,regular_season
2026-05-29,2026-05-30T01:40:00,New York Yankees,Athletics,Sutter Health Park,825002,regular_season
2026-05-30,2026-05-30T20:05:00,San Diego Padres,Washington Nationals,Nationals Park,822731,regular_season
2026-05-30,2026-05-30T20:05:00,Kansas City Royals,Texas Rangers,Globe Life Field,822893,regular_season
2026-05-30,2026-05-30T20:10:00,Los Angeles Angels,Tampa Bay Rays,Tropicana Field,822975,regular_season
2026-05-30,2026-05-30T23:15:00,Chicago Cubs,St. Louis Cardinals,Busch Stadium,823054,regular_season
2026-05-30,2026-05-31T02:10:00,Arizona Diamondbacks,Seattle Mariners,T-Mobile Park,823132,regular_season
2026-05-30,2026-05-30T20:05:00,Minnesota Twins,Pittsburgh Pirates,PNC Park,823375,regular_season
2026-05-30,2026-05-30T20:10:00,Miami Marlins,New York Mets,Citi Field,823622,regular_season
2026-05-30,2026-05-31T02:10:00,Philadelphia Phillies,Los Angeles Dodgers,UNIQLO Field at Dodger Stadium,823945,regular_season
2026-05-30,2026-05-30T20:10:00,Milwaukee Brewers,Houston Astros,Daikin Park,824190,regular_season
2026-05-30,2026-05-31T01:10:00,San Francisco Giants,Colorado Rockies,Coors Field,824352,regular_season
2026-05-30,2026-05-30T20:10:00,Boston Red Sox,Cleveland Guardians,Progressive Field,824431,regular_season
2026-05-30,2026-05-30T23:15:00,Atlanta Braves,Cincinnati Reds,Great American Ball Park,824513,regular_season
2026-05-30,2026-05-30T18:10:00,Detroit Tigers,Chicago White Sox,Rate Field,824593,regular_season
2026-05-30,2026-05-30T20:05:00,Toronto Blue Jays,Baltimore Orioles,Oriole Park at Camden Yards,824833,regular_season
2026-05-30,2026-05-31T02:05:00,New York Yankees,Athletics,Sutter Health Park,825000,regular_season
2026-05-31,2026-05-31T17:35:00,San Diego Padres,Washington Nationals,Nationals Park,822729,regular_season
2026-05-31,2026-05-31T18:35:00,Kansas City Royals,Texas Rangers,Globe Life Field,822895,regular_season
2026-05-31,2026-05-31T17:40:00,Los Angeles Angels,Tampa Bay Rays,Tropicana Field,822976,regular_season
2026-05-31,2026-05-31T23:20:00,Chicago Cubs,St. Louis Cardinals,Busch Stadium,823053,regular_season
2026-05-31,2026-05-31T20:10:00,Arizona Diamondbacks,Seattle Mariners,T-Mobile Park,823133,regular_season
2026-05-31,2026-05-31T17:35:00,Minnesota Twins,Pittsburgh Pirates,PNC Park,823373,regular_season
2026-05-31,2026-05-31T17:40:00,Miami Marlins,New York Mets,Citi Field,823621,regular_season
2026-05-31,2026-05-31T20:10:00,Philadelphia Phillies,Los Angeles Dodgers,UNIQLO Field at Dodger Stadium,823944,regular_season
2026-05-31,2026-05-31T18:10:00,Milwaukee Brewers,Houston Astros,Daikin Park,824187,regular_season
2026-05-31,2026-05-31T19:10:00,San Francisco Giants,Colorado Rockies,Coors Field,824354,regular_season
2026-05-31,2026-05-31T17:40:00,Boston Red Sox,Cleveland Guardians,Progressive Field,824430,regular_season
2026-05-31,2026-05-31T17:40:00,Atlanta Braves,Cincinnati Reds,Great American Ball Park,824512,regular_season
2026-05-31,2026-05-31T18:10:00,Detroit Tigers,Chicago White Sox,Rate Field,824592,regular_season
2026-05-31,2026-05-31T16:15:00,Toronto Blue Jays,Baltimore Orioles,Oriole Park at Camden Yards,824832,regular_season
2026-05-31,2026-05-31T20:05:00,New York Yankees,Athletics,Sutter Health Park,825001,regular_season
2026-06-01,2026-06-01T22:45:00,Miami Marlins,Washington Nationals,Nationals Park,822730,regular_season
2026-06-01,2026-06-01T22:40:00,Detroit Tigers,Tampa Bay Rays,Tropicana Field,822974,regular_season
2026-06-01,2026-06-01T23:45:00,Texas Rangers,St. Louis Cardinals,Busch Stadium,823050,regular_season
2026-06-01,2026-06-02T01:40:00,New York Mets,Seattle Mariners,T-Mobile Park,823131,regular_season
2026-06-01,2026-06-01T23:40:00,Chicago White Sox,Minnesota Twins,Target Field,823702,regular_season
2026-06-01,2026-06-01T23:40:00,San Francisco Giants,Milwaukee Brewers,American Family Field,823781,regular_season
2026-06-01,2026-06-02T01:38:00,Colorado Rockies,Los Angeles Angels,Angel Stadium,824027,regular_season
2026-06-01,2026-06-01T23:10:00,Kansas City Royals,Cincinnati Reds,Great American Ball Park,824510,regular_season
2026-06-01,2026-06-02T01:40:00,Los Angeles Dodgers,Arizona Diamondbacks,Chase Field,825078,regular_season
2026-06-02,2026-06-02T22:45:00,Miami Marlins,Washington Nationals,Nationals Park,822728,regular_season
2026-06-02,2026-06-02T22:40:00,Detroit Tigers,Tampa Bay Rays,Tropicana Field,822971,regular_season
2026-06-02,2026-06-02T23:45:00,Texas Rangers,St. Louis Cardinals,Busch Stadium,823052,regular_season
2026-06-02,2026-06-03T01:40:00,New York Mets,Seattle Mariners,T-Mobile Park,823129,regular_season
2026-06-02,2026-06-02T22:40:00,San Diego Padres,Philadelphia Phillies,Citizens Bank Park,823460,regular_season
2026-06-02,2026-06-02T23:05:00,Cleveland Guardians,New York Yankees,Yankee Stadium,823541,regular_season
2026-06-02,2026-06-02T23:40:00,Chicago White Sox,Minnesota Twins,Target Field,823700,regular_season
2026-06-02,2026-06-02T23:40:00,San Francisco Giants,Milwaukee Brewers,American Family Field,823782,regular_season
2026-06-02,2026-06-03T01:38:00,Colorado Rockies,Los Angeles Angels,Angel Stadium,824026,regular_season
2026-06-02,2026-06-03T00:10:00,Pittsburgh Pirates,Houston Astros,Daikin Park,824189,regular_season
2026-06-02,2026-06-02T23:10:00,Kansas City Royals,Cincinnati Reds,Great American Ball Park,824511,regular_season
2026-06-02,2026-06-03T00:05:00,Athletics,Chicago Cubs,Wrigley Field,824675,regular_season
2026-06-02,2026-06-02T22:45:00,Baltimore Orioles,Boston Red Sox,Fenway Park,824754,regular_season
2026-06-02,2026-06-02T23:15:00,Toronto Blue Jays,Atlanta Braves,Truist Park,824918,regular_season
2026-06-02,2026-06-03T01:40:00,Los Angeles Dodgers,Arizona Diamondbacks,Chase Field,825079,regular_season
2026-06-03,2026-06-03T17:05:00,Miami Marlins,Washington Nationals,Nationals Park,822727,regular_season
2026-06-03,2026-06-03T17:10:00,Detroit Tigers,Tampa Bay Rays,Tropicana Field,822973,regular_season
2026-06-03,2026-06-03T23:45:00,Texas Rangers,St. Louis Cardinals,Busch Stadium,823051,regular_season
2026-06-03,2026-06-03T19:40:00,New York Mets,Seattle Mariners,T-Mobile Park,823130,regular_season
2026-06-03,2026-06-03T22:40:00,San Diego Padres,Philadelphia Phillies,Citizens Bank Park,823456,regular_season
2026-06-03,2026-06-03T23:05:00,Cleveland Guardians,New York Yankees,Yankee Stadium,823540,regular_season
2026-06-03,2026-06-03T17:40:00,Chicago White Sox,Minnesota Twins,Target Field,823701,regular_season
2026-06-03,2026-06-03T23:40:00,San Francisco Giants,Milwaukee Brewers,American Family Field,823780,regular_season
2026-06-03,2026-06-04T01:38:00,Colorado Rockies,Los Angeles Angels,Angel Stadium,824024,regular_season
2026-06-03,2026-06-04T00:10:00,Pittsburgh Pirates,Houston Astros,Daikin Park,824188,regular_season
2026-06-03,2026-06-03T23:10:00,Kansas City Royals,Cincinnati Reds,Great American Ball Park,824509,regular_season
2026-06-03,2026-06-04T00:05:00,Athletics,Chicago Cubs,Wrigley Field,824671,regular_season
2026-06-03,2026-06-03T22:45:00,Baltimore Orioles,Boston Red Sox,Fenway Park,824755,regular_season
2026-06-03,2026-06-03T23:15:00,Toronto Blue Jays,Atlanta Braves,Truist Park,824917,regular_season
2026-06-03,2026-06-04T01:40:00,Los Angeles Dodgers,Arizona Diamondbacks,Chase Field,825077,regular_season
2026-06-04,2026-06-04T17:05:00,San Diego Padres,Philadelphia Phillies,Citizens Bank Park,823457,regular_season
2026-06-04,2026-06-04T17:35:00,Cleveland Guardians,New York Yankees,Yankee Stadium,823542,regular_season
2026-06-04,2026-06-04T23:40:00,Kansas City Royals,Minnesota Twins,Target Field,823698,regular_season
2026-06-04,2026-06-04T18:10:00,San Francisco Giants,Milwaukee Brewers,American Family Field,823779,regular_season
2026-06-04,2026-06-05T00:10:00,Pittsburgh Pirates,Houston Astros,Daikin Park,824185,regular_season
2026-06-04,2026-06-05T00:05:00,Athletics,Chicago Cubs,Wrigley Field,824672,regular_season
2026-06-04,2026-06-04T17:35:00,Baltimore Orioles,Boston Red Sox,Fenway Park,824753,regular_season
2026-06-04,2026-06-04T23:15:00,Toronto Blue Jays,Atlanta Braves,Truist Park,824919,regular_season
2026-06-04,2026-06-05T01:40:00,Los Angeles Dodgers,Arizona Diamondbacks,Chase Field,825076,regular_season
2026-06-05,2026-06-05T23:07:00,Baltimore Orioles,Toronto Blue Jays,Rogers Centre,822810,regular_season
2026-06-05,2026-06-06T00:15:00,Cleveland Guardians,Texas Rangers,Globe Life Field,822892,regular_season
2026-06-05,2026-06-06T00:15:00,Cincinnati Reds,St. Louis Cardinals,Busch Stadium,823049,regular_season
2026-06-05,2026-06-06T01:40:00,New York Mets,San Diego Padres,Petco Park,823293,regular_season
2026-06-05,2026-06-05T22:40:00,Chicago White Sox,Philadelphia Phillies,Citizens Bank Park,823455,regular_season
2026-06-05,2026-06-05T23:05:00,Boston Red Sox,New York Yankees,Yankee Stadium,823538,regular_season
2026-06-05,2026-06-06T00:15:00,Kansas City Royals,Minnesota Twins,Target Field,823699,regular_season
2026-06-05,2026-06-05T23:10:00,Tampa Bay Rays,Miami Marlins,loanDepot park,823860,regular_season
2026-06-05,2026-06-06T02:10:00,Los Angeles Angels,Los Angeles Dodgers,UNIQLO Field at Dodger Stadium,823943,regular_season
2026-06-05,2026-06-06T00:10:00,Athletics,Houston Astros,Daikin Park,824186,regular_season
2026-06-05,2026-06-05T22:40:00,Seattle Mariners,Detroit Tigers,Comerica Park,824271,regular_season
2026-06-05,2026-06-06T00:40:00,Milwaukee Brewers,Colorado Rockies,Coors Field,824350,regular_season
2026-06-05,2026-06-05T18:20:00,San Francisco Giants,Chicago Cubs,Wrigley Field,824673,regular_season
2026-06-05,2026-06-05T23:15:00,Pittsburgh Pirates,Atlanta Braves,Truist Park,824914,regular_season
2026-06-05,2026-06-06T01:40:00,Washington Nationals,Arizona Diamondbacks,Chase Field,825073,regular_season
2026-06-06,2026-06-06T19:07:00,Baltimore Orioles,Toronto Blue Jays,Rogers Centre,822808,regular_season
2026-06-06,2026-06-06T23:35:00,Cleveland Guardians,Texas Rangers,Globe Life Field,822891,regular_season
2026-06-06,2026-06-06T18:15:00,Cincinnati Reds,St. Louis Cardinals,Busch Stadium,823048,regular_season
2026-06-06,2026-06-07T02:10:00,New York Mets,San Diego Padres,Petco Park,823292,regular_season
2026-06-06,2026-06-06T20:05:00,Chicago White Sox,Philadelphia Phillies,Citizens Bank Park,823454,regular_season
2026-06-06,2026-06-06T23:35:00,Boston Red Sox,New York Yankees,Yankee Stadium,823539,regular_season
2026-06-06,2026-06-06T18:10:00,Kansas City Royals,Minnesota Twins,Target Field,823697,regular_season
2026-06-06,2026-06-06T20:10:00,Tampa Bay Rays,Miami Marlins,loanDepot park,823859,regular_season
2026-06-06,2026-06-07T02:10:00,Los Angeles Angels,Los Angeles Dodgers,UNIQLO Field at Dodger Stadium,823942,regular_season
2026-06-06,2026-06-06T20:10:00,Athletics,Houston Astros,Daikin Park,824184,regular_season
2026-06-06,2026-06-06T17:10:00,Seattle Mariners,Detroit Tigers,Comerica Park,824269,regular_season
2026-06-06,2026-06-07T01:10:00,Milwaukee Brewers,Colorado Rockies,Coors Field,824351,regular_season
2026-06-06,2026-06-06T18:20:00,San Francisco Giants,Chicago Cubs,Wrigley Field,824669,regular_season
2026-06-06,2026-06-06T20:10:00,Pittsburgh Pirates,Atlanta Braves,Truist Park,824915,regular_season
2026-06-06,2026-06-06T20:10:00,Washington Nationals,Arizona Diamondbacks,Chase Field,825075,regular_season
2026-06-07,2026-06-07T17:37:00,Baltimore Orioles,Toronto Blue Jays,Rogers Centre,822807,regular_season
2026-06-07,2026-06-07T18:35:00,Cleveland Guardians,Texas Rangers,Globe Life Field,822890,regular_season
2026-06-07,2026-06-07T18:15:00,Cincinnati Reds,St. Louis Cardinals,Busch Stadium,823047,regular_season
2026-06-07,2026-06-07T20:10:00,New York Mets,San Diego Padres,Petco Park,823291,regular_season
2026-06-07,2026-06-07T17:35:00,Chicago White Sox,Philadelphia Phillies,Citizens Bank Park,823453,regular_season
2026-06-07,2026-06-07T17:35:00,Boston Red Sox,New York Yankees,Yankee Stadium,823537,regular_season
2026-06-07,2026-06-07T18:10:00,Kansas City Royals,Minnesota Twins,Target Field,823696,regular_season
2026-06-07,2026-06-07T17:40:00,Tampa Bay Rays,Miami Marlins,loanDepot park,823857,regular_season
2026-06-07,2026-06-07T20:10:00,Los Angeles Angels,Los Angeles Dodgers,UNIQLO Field at Dodger Stadium,823941,regular_season
2026-06-07,2026-06-07T18:10:00,Athletics,Houston Astros,Daikin Park,824183,regular_season
2026-06-07,2026-06-07T17:40:00,Seattle Mariners,Detroit Tigers,Comerica Park,824268,regular_season
2026-06-07,2026-06-07T19:10:00,Milwaukee Brewers,Colorado Rockies,Coors Field,824349,regular_season
2026-06-07,2026-06-08T00:30:00,San Francisco Giants,Chicago Cubs,Wrigley Field,824670,regular_season
2026-06-07,2026-06-07T17:35:00,Pittsburgh Pirates,Atlanta Braves,Truist Park,824916,regular_season
2026-06-07,2026-06-07T19:15:00,Washington Nationals,Arizona Diamondbacks,Chase Field,825074,regular_season
2026-06-08,2026-06-08T23:07:00,Philadelphia Phillies,Toronto Blue Jays,Rogers Centre,822806,regular_season
2026-06-08,2026-06-08T22:40:00,Boston Red Sox,Tampa Bay Rays,Tropicana Field,822972,regular_season
2026-06-08,2026-06-09T01:45:00,Washington Nationals,San Francisco Giants,Oracle Park,823218,regular_season
2026-06-08,2026-06-09T01:40:00,Cincinnati Reds,San Diego Padres,Petco Park,823289,regular_season
2026-06-08,2026-06-09T01:38:00,Houston Astros,Los Angeles Angels,Angel Stadium,824025,regular_season
2026-06-08,2026-06-08T22:40:00,New York Yankees,Cleveland Guardians,Progressive Field,824427,regular_season
2026-06-08,2026-06-08T22:35:00,Seattle Mariners,Baltimore Orioles,Oriole Park at Camden Yards,824829,regular_season
2026-06-08,2026-06-09T02:05:00,Milwaukee Brewers,Athletics,Las Vegas Ballpark,824998,regular_season
2026-06-09,2026-06-09T23:07:00,Philadelphia Phillies,Toronto Blue Jays,Rogers Centre,822805,regular_season
2026-06-09,2026-06-09T22:40:00,Boston Red Sox,Tampa Bay Rays,Tropicana Field,822969,regular_season
2026-06-09,2026-06-10T01:45:00,Washington Nationals,San Francisco Giants,Oracle Park,823214,regular_season
2026-06-09,2026-06-10T01:40:00,Cincinnati Reds,San Diego Padres,Petco Park,823290,regular_season
2026-06-09,2026-06-09T22:40:00,Los Angeles Dodgers,Pittsburgh Pirates,PNC Park,823374,regular_season
2026-06-09,2026-06-09T23:10:00,St. Louis Cardinals,New York Mets,Citi Field,823620,regular_season
2026-06-09,2026-06-09T22:40:00,Arizona Diamondbacks,Miami Marlins,loanDepot park,823858,regular_season
2026-06-09,2026-06-10T01:38:00,Houston Astros,Los Angeles Angels,Angel Stadium,824023,regular_season
2026-06-09,2026-06-09T23:40:00,Texas Rangers,Kansas City Royals,Kauffman Stadium,824105,regular_season
2026-06-09,2026-06-09T22:40:00,Minnesota Twins,Detroit Tigers,Comerica Park,824267,regular_season
2026-06-09,2026-06-10T00:40:00,Chicago Cubs,Colorado Rockies,Coors Field,824347,regular_season
2026-06-09,2026-06-09T22:40:00,New York Yankees,Cleveland Guardians,Progressive Field,824429,regular_season
2026-06-09,2026-06-09T23:40:00,Atlanta Braves,Chicago White Sox,Rate Field,824591,regular_season
2026-06-09,2026-06-09T22:35:00,Seattle Mariners,Baltimore Orioles,Oriole Park at Camden Yards,824830,regular_season
2026-06-09,2026-06-10T02:05:00,Milwaukee Brewers,Athletics,Las Vegas Ballpark,824999,regular_season
2026-06-10,2026-06-10T23:07:00,Philadelphia Phillies,Toronto Blue Jays,Rogers Centre,822804,regular_season
2026-06-10,2026-06-10T17:10:00,Boston Red Sox,Tampa Bay Rays,Tropicana Field,822970,regular_season
2026-06-10,2026-06-10T19:45:00,Washington Nationals,San Francisco Giants,Oracle Park,823215,regular_season
2026-06-10,2026-06-10T20:10:00,Cincinnati Reds,San Diego Padres,Petco Park,823287,regular_season
2026-06-10,2026-06-10T22:40:00,Los Angeles Dodgers,Pittsburgh Pirates,PNC Park,823372,regular_season
2026-06-10,2026-06-10T23:10:00,St. Louis Cardinals,New York Mets,Citi Field,823618,regular_season
2026-06-10,2026-06-10T22:40:00,Arizona Diamondbacks,Miami Marlins,loanDepot park,823856,regular_season
2026-06-10,2026-06-11T01:38:00,Houston Astros,Los Angeles Angels,Angel Stadium,824022,regular_season
2026-06-10,2026-06-10T23:40:00,Texas Rangers,Kansas City Royals,Kauffman Stadium,824103,regular_season
2026-06-10,2026-06-10T22:40:00,Minnesota Twins,Detroit Tigers,Comerica Park,824266,regular_season
2026-06-10,2026-06-11T00:40:00,Chicago Cubs,Colorado Rockies,Coors Field,824348,regular_season
2026-06-10,2026-06-10T17:10:00,New York Yankees,Cleveland Guardians,Progressive Field,824428,regular_season
2026-06-10,2026-06-10T23:40:00,Atlanta Braves,Chicago White Sox,Rate Field,824590,regular_season
2026-06-10,2026-06-10T22:35:00,Seattle Mariners,Baltimore Orioles,Oriole Park at Camden Yards,824831,regular_season
2026-06-10,2026-06-11T01:05:00,Milwaukee Brewers,Athletics,Las Vegas Ballpark,824996,regular_season
2026-06-11,2026-06-11T22:40:00,Los Angeles Dodgers,Pittsburgh Pirates,PNC Park,823371,regular_season
2026-06-11,2026-06-11T17:10:00,St. Louis Cardinals,New York Mets,Citi Field,823619,regular_season
2026-06-11,2026-06-11T17:10:00,Arizona Diamondbacks,Miami Marlins,loanDepot park,823855,regular_season
2026-06-11,2026-06-11T18:10:00,Texas Rangers,Kansas City Royals,Kauffman Stadium,824101,regular_season
2026-06-11,2026-06-11T17:10:00,Minnesota Twins,Detroit Tigers,Comerica Park,824265,regular_season
2026-06-11,2026-06-11T19:10:00,Chicago Cubs,Colorado Rockies,Coors Field,824346,regular_season
2026-06-11,2026-06-11T23:40:00,Atlanta Braves,Chicago White Sox,Rate Field,824589,regular_season
2026-06-11,2026-06-11T23:05:00,Seattle Mariners,Baltimore Orioles,Oriole Park at Camden Yards,824827,regular_season
2026-06-12,2026-06-12T22:45:00,Seattle Mariners,Washington Nationals,Nationals Park,822726,regular_season
2026-06-12,2026-06-12T23:37:00,New York Yankees,Toronto Blue Jays,Rogers Centre,822803,regular_season
2026-06-12,2026-06-13T02:15:00,Chicago Cubs,San Francisco Giants,Oracle Park,823211,regular_season
2026-06-12,2026-06-12T22:40:00,Miami Marlins,Pittsburgh Pirates,PNC Park,823370,regular_season
2026-06-12,2026-06-12T23:15:00,Atlanta Braves,New York Mets,Citi Field,823617,regular_season
2026-06-12,2026-06-13T00:10:00,St. Louis Cardinals,Minnesota Twins,Target Field,823695,regular_season
2026-06-12,2026-06-12T23:40:00,Philadelphia Phillies,Milwaukee Brewers,American Family Field,823778,regular_season
2026-06-12,2026-06-13T01:38:00,Tampa Bay Rays,Los Angeles Angels,Angel Stadium,824020,regular_season
2026-06-12,2026-06-13T00:10:00,Houston Astros,Kansas City Royals,Kauffman Stadium,824102,regular_season
2026-06-12,2026-06-12T23:10:00,Detroit Tigers,Cleveland Guardians,Progressive Field,824425,regular_season
2026-06-12,2026-06-12T23:15:00,Arizona Diamondbacks,Cincinnati Reds,Great American Ball Park,824507,regular_season
2026-06-12,2026-06-12T23:40:00,Los Angeles Dodgers,Chicago White Sox,Rate Field,824588,regular_season
2026-06-12,2026-06-12T23:10:00,Texas Rangers,Boston Red Sox,Fenway Park,824752,regular_season
2026-06-12,2026-06-12T23:05:00,San Diego Padres,Baltimore Orioles,Oriole Park at Camden Yards,824826,regular_season
2026-06-12,2026-06-13T02:05:00,Colorado Rockies,Athletics,Las Vegas Ballpark,824997,regular_season
2026-06-13,2026-06-13T20:05:00,Seattle Mariners,Washington Nationals,Nationals Park,822725,regular_season
2026-06-13,2026-06-13T19:07:00,New York Yankees,Toronto Blue Jays,Rogers Centre,822802,regular_season
2026-06-13,2026-06-14T02:05:00,Chicago Cubs,San Francisco Giants,Oracle Park,823213,regular_season
2026-06-13,2026-06-13T20:05:00,Miami Marlins,Pittsburgh Pirates,PNC Park,823369,regular_season
2026-06-13,2026-06-13T20:10:00,Atlanta Braves,New York Mets,Citi Field,823616,regular_season
2026-06-13,2026-06-13T18:10:00,St. Louis Cardinals,Minnesota Twins,Target Field,823694,regular_season
2026-06-13,2026-06-13T23:15:00,Philadelphia Phillies,Milwaukee Brewers,American Family Field,823776,regular_season
2026-06-13,2026-06-14T02:07:00,Tampa Bay Rays,Los Angeles Angels,Angel Stadium,824019,regular_season
2026-06-13,2026-06-13T23:15:00,Houston Astros,Kansas City Royals,Kauffman Stadium,824100,regular_season
2026-06-13,2026-06-13T20:10:00,Detroit Tigers,Cleveland Guardians,Progressive Field,824426,regular_season
2026-06-13,2026-06-13T20:10:00,Arizona Diamondbacks,Cincinnati Reds,Great American Ball Park,824508,regular_season
2026-06-13,2026-06-13T20:10:00,Los Angeles Dodgers,Chicago White Sox,Rate Field,824587,regular_season
2026-06-13,2026-06-13T20:10:00,Texas Rangers,Boston Red Sox,Fenway Park,824749,regular_season
2026-06-13,2026-06-13T20:05:00,San Diego Padres,Baltimore Orioles,Oriole Park at Camden Yards,824828,regular_season
2026-06-13,2026-06-14T02:05:00,Colorado Rockies,Athletics,Las Vegas Ballpark,824995,regular_season
2026-06-14,2026-06-14T17:35:00,Seattle Mariners,Washington Nationals,Nationals Park,822722,regular_season
2026-06-14,2026-06-14T17:37:00,New York Yankees,Toronto Blue Jays,Rogers Centre,822801,regular_season
2026-06-14,2026-06-14T19:10:00,Chicago Cubs,San Francisco Giants,Oracle Park,823212,regular_season
2026-06-14,2026-06-14T16:15:00,Miami Marlins,Pittsburgh Pirates,PNC Park,823368,regular_season
2026-06-14,2026-06-14T17:40:00,Atlanta Braves,New York Mets,Citi Field,823615,regular_season
2026-06-14,2026-06-14T18:10:00,St. Louis Cardinals,Minnesota Twins,Target Field,823693,regular_season
2026-06-14,2026-06-14T18:10:00,Philadelphia Phillies,Milwaukee Brewers,American Family Field,823777,regular_season
2026-06-14,2026-06-14T20:07:00,Tampa Bay Rays,Los Angeles Angels,Angel Stadium,824021,regular_season
2026-06-14,2026-06-14T18:10:00,Houston Astros,Kansas City Royals,Kauffman Stadium,824099,regular_season
2026-06-14,2026-06-14T17:40:00,Detroit Tigers,Cleveland Guardians,Progressive Field,824424,regular_season
2026-06-14,2026-06-14T17:40:00,Arizona Diamondbacks,Cincinnati Reds,Great American Ball Park,824506,regular_season
2026-06-14,2026-06-14T18:10:00,Los Angeles Dodgers,Chicago White Sox,Rate Field,824586,regular_season
2026-06-14,2026-06-14T23:20:00,Texas Rangers,Boston Red Sox,Fenway Park,824751,regular_season
2026-06-14,2026-06-14T17:35:00,San Diego Padres,Baltimore Orioles,Oriole Park at Camden Yards,824823,regular_season
2026-06-14,2026-06-14T19:05:00,Colorado Rockies,Athletics,Las Vegas Ballpark,824994,regular_season
2026-06-15,2026-06-15T22:45:00,Kansas City Royals,Washington Nationals,Nationals Park,822724,regular_season
2026-06-15,2026-06-16T00:05:00,Minnesota Twins,Texas Rangers,Globe Life Field,822887,regular_season
2026-06-15,2026-06-15T23:45:00,San Diego Padres,St. Louis Cardinals,Busch Stadium,823046,regular_season
2026-06-15,2026-06-15T22:40:00,Miami Marlins,Philadelphia Phillies,Citizens Bank Park,823452,regular_season
2026-06-15,2026-06-16T02:10:00,Tampa Bay Rays,Los Angeles Dodgers,UNIQLO Field at Dodger Stadium,823938,regular_season
2026-06-15,2026-06-16T00:10:00,Detroit Tigers,Houston Astros,Daikin Park,824181,regular_season
2026-06-15,2026-06-15T23:10:00,New York Mets,Cincinnati Reds,Great American Ball Park,824505,regular_season
2026-06-15,2026-06-16T00:05:00,Colorado Rockies,Chicago Cubs,Wrigley Field,824666,regular_season
2026-06-15,2026-06-16T01:40:00,Pittsburgh Pirates,Athletics,Sutter Health Park,824993,regular_season
2026-06-15,2026-06-16T01:40:00,Los Angeles Angels,Arizona Diamondbacks,Chase Field,825071,regular_season
2026-06-16,2026-06-16T22:45:00,Kansas City Royals,Washington Nationals,Nationals Park,822723,regular_season
2026-06-16,2026-06-17T00:05:00,Minnesota Twins,Texas Rangers,Globe Life Field,822888,regular_season
2026-06-16,2026-06-16T23:45:00,San Diego Padres,St. Louis Cardinals,Busch Stadium,823045,regular_season
2026-06-16,2026-06-17T01:40:00,Baltimore Orioles,Seattle Mariners,T-Mobile Park,823128,regular_season
2026-06-16,2026-06-16T22:40:00,Miami Marlins,Philadelphia Phillies,Citizens Bank Park,823451,regular_season
2026-06-16,2026-06-16T23:05:00,Chicago White Sox,New York Yankees,Yankee Stadium,823535,regular_season
2026-06-16,2026-06-16T23:40:00,Cleveland Guardians,Milwaukee Brewers,American Family Field,823775,regular_season
2026-06-16,2026-06-17T02:10:00,Tampa Bay Rays,Los Angeles Dodgers,UNIQLO Field at Dodger Stadium,823939,regular_season
2026-06-16,2026-06-17T00:10:00,Detroit Tigers,Houston Astros,Daikin Park,824182,regular_season
2026-06-16,2026-06-16T23:10:00,New York Mets,Cincinnati Reds,Great American Ball Park,824504,regular_season
2026-06-16,2026-06-17T00:05:00,Colorado Rockies,Chicago Cubs,Wrigley Field,824667,regular_season
2026-06-16,2026-06-16T22:45:00,Toronto Blue Jays,Boston Red Sox,Fenway Park,824750,regular_season
2026-06-16,2026-06-16T23:15:00,San Francisco Giants,Atlanta Braves,Truist Park,824912,regular_season
2026-06-16,2026-06-17T01:40:00,Pittsburgh Pirates,Athletics,Sutter Health Park,824991,regular_season
2026-06-16,2026-06-17T01:40:00,Los Angeles Angels,Arizona Diamondbacks,Chase Field,825070,regular_season
2026-06-17,2026-06-17T17:05:00,Kansas City Royals,Washington Nationals,Nationals Park,822721,regular_season
2026-06-17,2026-06-17T18:15:00,San Diego Padres,St. Louis Cardinals,Busch Stadium,823044,regular_season
2026-06-17,2026-06-18T01:40:00,Baltimore Orioles,Seattle Mariners,T-Mobile Park,823127,regular_season
2026-06-17,2026-06-17T17:05:00,Miami Marlins,Philadelphia Phillies,Citizens Bank Park,823450,regular_season
2026-06-17,2026-06-17T23:05:00,Chicago White Sox,New York Yankees,Yankee Stadium,823536,regular_season
2026-06-17,2026-06-17T23:40:00,Cleveland Guardians,Milwaukee Brewers,American Family Field,823774,regular_season
2026-06-17,2026-06-17T19:10:00,Tampa Bay Rays,Los Angeles Dodgers,UNIQLO Field at Dodger Stadium,823940,regular_season
2026-06-17,2026-06-17T18:10:00,Detroit Tigers,Houston Astros,Daikin Park,824178,regular_season
2026-06-17,2026-06-17T16:40:00,New York Mets,Cincinnati Reds,Great American Ball Park,824503,regular_season
2026-06-17,2026-06-18T00:05:00,Colorado Rockies,Chicago Cubs,Wrigley Field,824668,regular_season
2026-06-17,2026-06-17T22:45:00,Toronto Blue Jays,Boston Red Sox,Fenway Park,824746,regular_season
2026-06-17,2026-06-17T23:15:00,San Francisco Giants,Atlanta Braves,Truist Park,824913,regular_season
2026-06-17,2026-06-18T01:40:00,Pittsburgh Pirates,Athletics,Sutter Health Park,824992,regular_season
2026-06-17,2026-06-17T19:40:00,Los Angeles Angels,Arizona Diamondbacks,Chase Field,825072,regular_season
2026-06-18,2026-06-18T18:35:00,Minnesota Twins,Texas Rangers,Globe Life Field,822889,regular_season
2026-06-18,2026-06-18T20:10:00,Baltimore Orioles,Seattle Mariners,T-Mobile Park,823125,regular_season
2026-06-18,2026-06-18T22:40:00,New York Mets,Philadelphia Phillies,Citizens Bank Park,823448,regular_season
2026-06-18,2026-06-18T23:05:00,Chicago White Sox,New York Yankees,Yankee Stadium,823533,regular_season
2026-06-18,2026-06-18T18:10:00,Cleveland Guardians,Milwaukee Brewers,American Family Field,823772,regular_season
2026-06-18,2026-06-18T23:40:00,St. Louis Cardinals,Kansas City Royals,Kauffman Stadium,824098,regular_season
2026-06-18,2026-06-18T17:35:00,Toronto Blue Jays,Boston Red Sox,Fenway Park,824748,regular_season
2026-06-18,2026-06-18T23:15:00,San Francisco Giants,Atlanta Braves,Truist Park,824911,regular_season
2026-06-18,2026-06-19T01:40:00,Los Angeles Angels,Athletics,Sutter Health Park,824989,regular_season
2026-06-19,2026-06-20T00:05:00,San Diego Padres,Texas Rangers,Globe Life Field,822886,regular_season
2026-06-19,2026-06-19T23:10:00,Washington Nationals,Tampa Bay Rays,Tropicana Field,822966,regular_season
2026-06-19,2026-06-20T02:10:00,Boston Red Sox,Seattle Mariners,T-Mobile Park,823124,regular_season
2026-06-19,2026-06-19T23:05:00,Cincinnati Reds,New York Yankees,Yankee Stadium,823534,regular_season
2026-06-19,2026-06-19T23:10:00,San Francisco Giants,Miami Marlins,loanDepot park,823853,regular_season
2026-06-19,2026-06-20T02:10:00,Baltimore Orioles,Los Angeles Dodgers,UNIQLO Field at Dodger Stadium,823936,regular_season
2026-06-19,2026-06-20T00:15:00,St. Louis Cardinals,Kansas City Royals,Kauffman Stadium,824097,regular_season
2026-06-19,2026-06-20T00:10:00,Cleveland Guardians,Houston Astros,Daikin Park,824179,regular_season
2026-06-19,2026-06-19T22:40:00,Chicago White Sox,Detroit Tigers,Comerica Park,824264,regular_season
2026-06-19,2026-06-20T00:40:00,Pittsburgh Pirates,Colorado Rockies,Coors Field,824345,regular_season
2026-06-19,2026-06-19T18:20:00,Toronto Blue Jays,Chicago Cubs,Wrigley Field,824663,regular_season
2026-06-19,2026-06-19T23:15:00,Milwaukee Brewers,Atlanta Braves,Truist Park,824910,regular_season
2026-06-19,2026-06-20T01:40:00,Los Angeles Angels,Athletics,Sutter Health Park,824990,regular_season
2026-06-19,2026-06-20T01:45:00,Minnesota Twins,Arizona Diamondbacks,Chase Field,825069,regular_season
2026-06-20,2026-06-20T20:05:00,San Diego Padres,Texas Rangers,Globe Life Field,822885,regular_season
2026-06-20,2026-06-20T20:10:00,Washington Nationals,Tampa Bay Rays,Tropicana Field,822967,regular_season
2026-06-20,2026-06-21T02:10:00,Boston Red Sox,Seattle Mariners,T-Mobile Park,823126,regular_season
2026-06-20,2026-06-20T23:15:00,New York Mets,Philadelphia Phillies,Citizens Bank Park,823447,regular_season
2026-06-20,2026-06-20T17:35:00,Cincinnati Reds,New York Yankees,Yankee Stadium,823532,regular_season
2026-06-20,2026-06-20T20:10:00,San Francisco Giants,Miami Marlins,loanDepot park,823854,regular_season
2026-06-20,2026-06-21T02:10:00,Baltimore Orioles,Los Angeles Dodgers,UNIQLO Field at Dodger Stadium,823937,regular_season
2026-06-20,2026-06-20T23:15:00,Cleveland Guardians,Houston Astros,Daikin Park,824180,regular_season
2026-06-20,2026-06-20T17:10:00,Chicago White Sox,Detroit Tigers,Comerica Park,824263,regular_season
2026-06-20,2026-06-21T01:10:00,Pittsburgh Pirates,Colorado Rockies,Coors Field,824342,regular_season
2026-06-20,2026-06-20T18:20:00,Toronto Blue Jays,Chicago Cubs,Wrigley Field,824665,regular_season
2026-06-20,2026-06-20T20:10:00,Milwaukee Brewers,Atlanta Braves,Truist Park,824909,regular_season
2026-06-20,2026-06-21T02:05:00,Los Angeles Angels,Athletics,Sutter Health Park,824988,regular_season
2026-06-20,2026-06-21T02:10:00,Minnesota Twins,Arizona Diamondbacks,Chase Field,825068,regular_season
2026-06-21,2026-06-21T18:35:00,San Diego Padres,Texas Rangers,Globe Life Field,822883,regular_season
2026-06-21,2026-06-21T17:40:00,Washington Nationals,Tampa Bay Rays,Tropicana Field,822968,regular_season
2026-06-21,2026-06-21T20:10:00,Boston Red Sox,Seattle Mariners,T-Mobile Park,823123,regular_season
2026-06-21,2026-06-21T23:20:00,New York Mets,Philadelphia Phillies,Citizens Bank Park,823449,regular_season
2026-06-21,2026-06-21T17:35:00,Cincinnati Reds,New York Yankees,Yankee Stadium,823531,regular_season
2026-06-21,2026-06-21T17:40:00,San Francisco Giants,Miami Marlins,loanDepot park,823852,regular_season
2026-06-21,2026-06-21T20:10:00,Baltimore Orioles,Los Angeles Dodgers,UNIQLO Field at Dodger Stadium,823934,regular_season
2026-06-21,2026-06-21T18:10:00,St. Louis Cardinals,Kansas City Royals,Kauffman Stadium,824095,regular_season
2026-06-21,2026-06-21T18:10:00,Cleveland Guardians,Houston Astros,Daikin Park,824177,regular_season
2026-06-21,2026-06-21T17:40:00,Chicago White Sox,Detroit Tigers,Comerica Park,824260,regular_season
2026-06-21,2026-06-21T19:10:00,Pittsburgh Pirates,Colorado Rockies,Coors Field,824343,regular_season
2026-06-21,2026-06-21T18:20:00,Toronto Blue Jays,Chicago Cubs,Wrigley Field,824664,regular_season
2026-06-21,2026-06-21T17:35:00,Milwaukee Brewers,Atlanta Braves,Truist Park,824908,regular_season
2026-06-21,2026-06-21T20:05:00,Los Angeles Angels,Athletics,Sutter Health Park,824987,regular_season
2026-06-21,2026-06-21T19:15:00,Minnesota Twins,Arizona Diamondbacks,Chase Field,825067,regular_season
2026-06-22,2026-06-22T22:45:00,Philadelphia Phillies,Washington Nationals,Nationals Park,822720,regular_season
2026-06-22,2026-06-22T23:07:00,Houston Astros,Toronto Blue Jays,Rogers Centre,822800,regular_season
2026-06-22,2026-06-22T22:40:00,Kansas City Royals,Tampa Bay Rays,Tropicana Field,822964,regular_season
2026-06-22,2026-06-22T23:45:00,Arizona Diamondbacks,St. Louis Cardinals,Busch Stadium,823040,regular_season
2026-06-22,2026-06-23T02:10:00,Atlanta Braves,San Diego Padres,Petco Park,823288,regular_season
2026-06-22,2026-06-22T23:10:00,Chicago Cubs,New York Mets,Citi Field,823613,regular_season
2026-06-22,2026-06-22T23:40:00,Los Angeles Dodgers,Minnesota Twins,Target Field,823692,regular_season
2026-06-22,2026-06-22T22:40:00,Texas Rangers,Miami Marlins,loanDepot park,823851,regular_season
2026-06-22,2026-06-23T01:38:00,Baltimore Orioles,Los Angeles Angels,Angel Stadium,824016,regular_season
2026-06-22,2026-06-22T22:40:00,New York Yankees,Detroit Tigers,Comerica Park,824261,regular_season
2026-06-22,2026-06-23T00:40:00,Boston Red Sox,Colorado Rockies,Coors Field,824344,regular_season
2026-06-22,2026-06-22T23:10:00,Milwaukee Brewers,Cincinnati Reds,Great American Ball Park,824502,regular_season
2026-06-22,2026-06-22T23:40:00,Cleveland Guardians,Chicago White Sox,Rate Field,824585,regular_season
2026-06-23,2026-06-23T22:45:00,Philadelphia Phillies,Washington Nationals,Nationals Park,822718,regular_season
2026-06-23,2026-06-23T20:07:00,Houston Astros,Toronto Blue Jays,Rogers Centre,822799,regular_season
2026-06-23,2026-06-23T22:40:00,Kansas City Royals,Tampa Bay Rays,Tropicana Field,822963,regular_season
2026-06-23,2026-06-23T23:45:00,Arizona Diamondbacks,St. Louis Cardinals,Busch Stadium,823043,regular_season
2026-06-23,2026-06-24T01:45:00,Athletics,San Francisco Giants,Oracle Park,823210,regular_season
2026-06-23,2026-06-24T01:40:00,Atlanta Braves,San Diego Padres,Petco Park,823286,regular_season
2026-06-23,2026-06-23T22:40:00,Seattle Mariners,Pittsburgh Pirates,PNC Park,823365,regular_season
2026-06-23,2026-06-23T23:10:00,Chicago Cubs,New York Mets,Citi Field,823614,regular_season
2026-06-23,2026-06-23T23:40:00,Los Angeles Dodgers,Minnesota Twins,Target Field,823690,regular_season
2026-06-23,2026-06-23T22:40:00,Texas Rangers,Miami Marlins,loanDepot park,823849,regular_season
2026-06-23,2026-06-24T01:38:00,Baltimore Orioles,Los Angeles Angels,Angel Stadium,824017,regular_season
2026-06-23,2026-06-23T22:40:00,New York Yankees,Detroit Tigers,Comerica Park,824262,regular_season
2026-06-23,2026-06-24T00:40:00,Boston Red Sox,Colorado Rockies,Coors Field,824340,regular_season
2026-06-23,2026-06-23T23:10:00,Milwaukee Brewers,Cincinnati Reds,Great American Ball Park,824501,regular_season
2026-06-23,2026-06-23T23:40:00,Cleveland Guardians,Chicago White Sox,Rate Field,824584,regular_season
2026-06-24,2026-06-24T22:45:00,Philadelphia Phillies,Washington Nationals,Nationals Park,822719,regular_season
2026-06-24,2026-06-24T23:07:00,Houston Astros,Toronto Blue Jays,Rogers Centre,822798,regular_season
2026-06-24,2026-06-24T22:40:00,Kansas City Royals,Tampa Bay Rays,Tropicana Field,822965,regular_season
2026-06-24,2026-06-24T23:45:00,Arizona Diamondbacks,St. Louis Cardinals,Busch Stadium,823041,regular_season
2026-06-24,2026-06-25T01:45:00,Athletics,San Francisco Giants,Oracle Park,823208,regular_season
2026-06-24,2026-06-25T00:40:00,Atlanta Braves,San Diego Padres,Petco Park,823284,regular_season
2026-06-24,2026-06-24T22:40:00,Seattle Mariners,Pittsburgh Pirates,PNC Park,823367,regular_season
2026-06-24,2026-06-24T23:10:00,Chicago Cubs,New York Mets,Citi Field,823611,regular_season
2026-06-24,2026-06-24T23:40:00,Los Angeles Dodgers,Minnesota Twins,Target Field,823691,regular_season
2026-06-24,2026-06-24T16:10:00,Texas Rangers,Miami Marlins,loanDepot park,823850,regular_season
2026-06-24,2026-06-24T20:07:00,Baltimore Orioles,Los Angeles Angels,Angel Stadium,824018,regular_season
2026-06-24,2026-06-24T22:40:00,New York Yankees,Detroit Tigers,Comerica Park,824259,regular_season
2026-06-24,2026-06-24T19:10:00,Boston Red Sox,Colorado Rockies,Coors Field,824341,regular_season
2026-06-24,2026-06-24T23:10:00,Milwaukee Brewers,Cincinnati Reds,Great American Ball Park,824500,regular_season
2026-06-24,2026-06-24T18:10:00,Cleveland Guardians,Chicago White Sox,Rate Field,824583,regular_season
2026-06-25,2026-06-25T22:45:00,Philadelphia Phillies,Washington Nationals,Nationals Park,822717,regular_season
2026-06-25,2026-06-25T23:07:00,Texas Rangers,Toronto Blue Jays,Rogers Centre,822797,regular_season
2026-06-25,2026-06-25T16:10:00,Kansas City Royals,Tampa Bay Rays,Tropicana Field,822961,regular_season
2026-06-25,2026-06-25T23:45:00,Arizona Diamondbacks,St. Louis Cardinals,Busch Stadium,823042,regular_season
2026-06-25,2026-06-25T19:45:00,Athletics,San Francisco Giants,Oracle Park,823209,regular_season
2026-06-25,2026-06-25T16:35:00,Seattle Mariners,Pittsburgh Pirates,PNC Park,823366,regular_season
2026-06-25,2026-06-25T23:10:00,Chicago Cubs,New York Mets,Citi Field,823612,regular_season
2026-06-25,2026-06-25T22:40:00,Houston Astros,Detroit Tigers,Comerica Park,824258,regular_season
2026-06-25,2026-06-25T23:10:00,New York Yankees,Boston Red Sox,Fenway Park,824747,regular_season
2026-06-26,2026-06-26T23:07:00,Texas Rangers,Toronto Blue Jays,Rogers Centre,822796,regular_season
2026-06-26,2026-06-26T23:10:00,Arizona Diamondbacks,Tampa Bay Rays,Tropicana Field,822962,regular_season
2026-06-26,2026-06-27T00:15:00,Miami Marlins,St. Louis Cardinals,Busch Stadium,823039,regular_season
2026-06-26,2026-06-27T02:15:00,Atlanta Braves,San Francisco Giants,Oracle Park,823206,regular_season
2026-06-26,2026-06-27T01:45:00,Los Angeles Dodgers,San Diego Padres,Petco Park,823285,regular_season
2026-06-26,2026-06-26T22:40:00,Cincinnati Reds,Pittsburgh Pirates,PNC Park,823363,regular_season
2026-06-26,2026-06-26T23:10:00,Philadelphia Phillies,New York Mets,Citi Field,823610,regular_season
2026-06-26,2026-06-27T00:10:00,Colorado Rockies,Minnesota Twins,Target Field,823688,regular_season
2026-06-26,2026-06-26T23:45:00,Chicago Cubs,Milwaukee Brewers,American Family Field,823773,regular_season
2026-06-26,2026-06-27T01:38:00,Athletics,Los Angeles Angels,Angel Stadium,824014,regular_season
2026-06-26,2026-06-26T22:40:00,Houston Astros,Detroit Tigers,Comerica Park,824255,regular_season
2026-06-26,2026-06-26T23:10:00,Seattle Mariners,Cleveland Guardians,Progressive Field,824423,regular_season
2026-06-26,2026-06-26T23:40:00,Kansas City Royals,Chicago White Sox,Rate Field,824582,regular_season
2026-06-26,2026-06-26T23:10:00,New York Yankees,Boston Red Sox,Fenway Park,824743,regular_season
2026-06-26,2026-06-26T23:05:00,Washington Nationals,Baltimore Orioles,Oriole Park at Camden Yards,824824,regular_season
2026-06-27,2026-06-27T19:07:00,Texas Rangers,Toronto Blue Jays,Rogers Centre,822794,regular_season
2026-06-27,2026-06-27T22:10:00,Arizona Diamondbacks,Tampa Bay Rays,Tropicana Field,822960,regular_season
2026-06-27,2026-06-27T23:15:00,Miami Marlins,St. Louis Cardinals,Busch Stadium,823038,regular_season
2026-06-27,2026-06-28T01:05:00,Atlanta Braves,San Francisco Giants,Oracle Park,823207,regular_season
2026-06-27,2026-06-28T00:40:00,Los Angeles Dodgers,San Diego Padres,Petco Park,823283,regular_season
2026-06-27,2026-06-27T20:05:00,Cincinnati Reds,Pittsburgh Pirates,PNC Park,823364,regular_season
2026-06-27,2026-06-27T20:10:00,Philadelphia Phillies,New York Mets,Citi Field,823609,regular_season
2026-06-27,2026-06-27T23:10:00,Colorado Rockies,Minnesota Twins,Target Field,823689,regular_season
2026-06-27,2026-06-27T23:10:00,Chicago Cubs,Milwaukee Brewers,American Family Field,823770,regular_season
2026-06-27,2026-06-28T01:38:00,Athletics,Los Angeles Angels,Angel Stadium,824015,regular_season
2026-06-27,2026-06-27T17:10:00,Houston Astros,Detroit Tigers,Comerica Park,824257,regular_season
2026-06-27,2026-06-27T23:10:00,Seattle Mariners,Cleveland Guardians,Progressive Field,824421,regular_season
2026-06-27,2026-06-27T20:10:00,Kansas City Royals,Chicago White Sox,Rate Field,824581,regular_season
2026-06-27,2026-06-27T17:10:00,New York Yankees,Boston Red Sox,Fenway Park,824745,regular_season
2026-06-27,2026-06-27T23:05:00,Washington Nationals,Baltimore Orioles,Oriole Park at Camden Yards,824825,regular_season
2026-06-28,2026-06-28T17:37:00,Texas Rangers,Toronto Blue Jays,Rogers Centre,822795,regular_season
2026-06-28,2026-06-28T17:40:00,Arizona Diamondbacks,Tampa Bay Rays,Tropicana Field,822959,regular_season
2026-06-28,2026-06-28T18:15:00,Miami Marlins,St. Louis Cardinals,Busch Stadium,823037,regular_season
2026-06-28,2026-06-28T20:05:00,Atlanta Braves,San Francisco Giants,Oracle Park,823204,regular_season
2026-06-28,2026-06-28T20:10:00,Los Angeles Dodgers,San Diego Padres,Petco Park,823281,regular_season
2026-06-28,2026-06-28T17:35:00,Cincinnati Reds,Pittsburgh Pirates,PNC Park,823362,regular_season
2026-06-28,2026-06-28T17:40:00,Philadelphia Phillies,New York Mets,Citi Field,823608,regular_season
2026-06-28,2026-06-28T18:10:00,Colorado Rockies,Minnesota Twins,Target Field,823686,regular_season
2026-06-28,2026-06-28T18:10:00,Chicago Cubs,Milwaukee Brewers,American Family Field,823769,regular_season
2026-06-28,2026-06-28T19:15:00,Athletics,Los Angeles Angels,Angel Stadium,824011,regular_season
2026-06-28,2026-06-28T17:40:00,Houston Astros,Detroit Tigers,Comerica Park,824256,regular_season
2026-06-28,2026-06-28T17:40:00,Seattle Mariners,Cleveland Guardians,Progressive Field,824422,regular_season
2026-06-28,2026-06-28T18:10:00,Kansas City Royals,Chicago White Sox,Rate Field,824580,regular_season
2026-06-28,2026-06-28T23:20:00,New York Yankees,Boston Red Sox,Fenway Park,824744,regular_season
2026-06-28,2026-06-28T17:35:00,Washington Nationals,Baltimore Orioles,Oriole Park at Camden Yards,824821,regular_season
2026-06-29,2026-06-29T23:07:00,New York Mets,Toronto Blue Jays,Rogers Centre,822792,regular_season
2026-06-29,2026-06-30T01:40:00,Los Angeles Angels,Seattle Mariners,T-Mobile Park,823121,regular_season
2026-06-29,2026-06-29T22:40:00,Pittsburgh Pirates,Philadelphia Phillies,Citizens Bank Park,823444,regular_season
2026-06-29,2026-06-29T23:05:00,Detroit Tigers,New York Yankees,Yankee Stadium,823529,regular_season
2026-06-29,2026-06-29T23:40:00,Cincinnati Reds,Milwaukee Brewers,American Family Field,823771,regular_season
2026-06-29,2026-06-30T00:10:00,Minnesota Twins,Houston Astros,Daikin Park,824176,regular_season
2026-06-29,2026-06-30T00:40:00,Miami Marlins,Colorado Rockies,Coors Field,824339,regular_season
2026-06-29,2026-06-29T23:10:00,Texas Rangers,Cleveland Guardians,Progressive Field,824420,regular_season
2026-06-29,2026-06-30T00:05:00,San Diego Padres,Chicago Cubs,Wrigley Field,824662,regular_season
2026-06-29,2026-06-29T23:10:00,Washington Nationals,Boston Red Sox,Fenway Park,824741,regular_season
2026-06-29,2026-06-29T22:35:00,Chicago White Sox,Baltimore Orioles,Oriole Park at Camden Yards,824822,regular_season
2026-06-29,2026-06-30T01:40:00,Los Angeles Dodgers,Athletics,Sutter Health Park,824986,regular_season
2026-06-29,2026-06-30T01:40:00,San Francisco Giants,Arizona Diamondbacks,Chase Field,825065,regular_season
2026-06-30,2026-06-30T23:07:00,New York Mets,Toronto Blue Jays,Rogers Centre,822793,regular_season
2026-06-30,2026-07-01T01:40:00,Los Angeles Angels,Seattle Mariners,T-Mobile Park,823122,regular_season
2026-06-30,2026-06-30T22:40:00,Pittsburgh Pirates,Philadelphia Phillies,Citizens Bank Park,823445,regular_season
2026-06-30,2026-06-30T23:05:00,Detroit Tigers,New York Yankees,Yankee Stadium,823528,regular_season
2026-06-30,2026-06-30T23:40:00,Cincinnati Reds,Milwaukee Brewers,American Family Field,823768,regular_season
2026-06-30,2026-06-30T23:40:00,Tampa Bay Rays,Kansas City Royals,Kauffman Stadium,824096,regular_season
2026-06-30,2026-07-01T00:10:00,Minnesota Twins,Houston Astros,Daikin Park,824175,regular_season
2026-06-30,2026-07-01T00:40:00,Miami Marlins,Colorado Rockies,Coors Field,824338,regular_season
2026-06-30,2026-06-30T22:40:00,Texas Rangers,Cleveland Guardians,Progressive Field,824418,regular_season
2026-06-30,2026-07-01T00:05:00,San Diego Padres,Chicago Cubs,Wrigley Field,824661,regular_season
2026-06-30,2026-06-30T23:10:00,Washington Nationals,Boston Red Sox,Fenway Park,824742,regular_season
2026-06-30,2026-06-30T22:35:00,Chicago White Sox,Baltimore Orioles,Oriole Park at Camden Yards,824819,regular_season
2026-06-30,2026-06-30T23:15:00,St. Louis Cardinals,Atlanta Braves,Truist Park,824907,regular_season
2026-06-30,2026-07-01T01:40:00,Los Angeles Dodgers,Athletics,Sutter Health Park,824984,regular_season
2026-06-30,2026-07-01T01:40:00,San Francisco Giants,Arizona Diamondbacks,Chase Field,825066,regular_season
2026-07-01,2026-07-01T19:07:00,New York Mets,Toronto Blue Jays,Rogers Centre,822791,regular_season
2026-07-01,2026-07-01T22:40:00,Pittsburgh Pirates,Philadelphia Phillies,Citizens Bank Park,823446,regular_season
2026-07-01,2026-07-01T17:35:00,Detroit Tigers,New York Yankees,Yankee Stadium,823530,regular_season
2026-07-01,2026-07-02T00:10:00,Cincinnati Reds,Milwaukee Brewers,American Family Field,823767,regular_season
2026-07-01,2026-07-01T23:40:00,Tampa Bay Rays,Kansas City Royals,Kauffman Stadium,824094,regular_season
2026-07-01,2026-07-02T00:10:00,Minnesota Twins,Houston Astros,Daikin Park,824174,regular_season
2026-07-01,2026-07-02T00:40:00,Miami Marlins,Colorado Rockies,Coors Field,824337,regular_season
2026-07-01,2026-07-01T17:10:00,Texas Rangers,Cleveland Guardians,Progressive Field,824419,regular_season
2026-07-01,2026-07-01T18:20:00,San Diego Padres,Chicago Cubs,Wrigley Field,824660,regular_season
2026-07-01,2026-07-01T17:35:00,Washington Nationals,Boston Red Sox,Fenway Park,824740,regular_season
2026-07-01,2026-07-01T16:35:00,Chicago White Sox,Baltimore Orioles,Oriole Park at Camden Yards,824818,regular_season
2026-07-01,2026-07-01T23:15:00,St. Louis Cardinals,Atlanta Braves,Truist Park,824905,regular_season
2026-07-01,2026-07-02T01:40:00,Los Angeles Dodgers,Athletics,Sutter Health Park,824985,regular_season
2026-07-01,2026-07-02T01:40:00,San Francisco Giants,Arizona Diamondbacks,Chase Field,825064,regular_season
2026-07-02,2026-07-03T00:05:00,Detroit Tigers,Texas Rangers,Globe Life Field,822884,regular_season
2026-07-02,2026-07-03T01:40:00,Los Angeles Angels,Seattle Mariners,T-Mobile Park,823119,regular_season
2026-07-02,2026-07-02T16:35:00,Pittsburgh Pirates,Philadelphia Phillies,Citizens Bank Park,823442,regular_season
2026-07-02,2026-07-02T18:10:00,Cincinnati Reds,Milwaukee Brewers,American Family Field,823765,regular_season
2026-07-02,2026-07-03T02:10:00,San Diego Padres,Los Angeles Dodgers,UNIQLO Field at Dodger Stadium,823935,regular_season
2026-07-02,2026-07-02T23:40:00,Tampa Bay Rays,Kansas City Royals,Kauffman Stadium,824093,regular_season
2026-07-02,2026-07-02T19:10:00,Miami Marlins,Colorado Rockies,Coors Field,824335,regular_season
2026-07-02,2026-07-02T22:40:00,Chicago White Sox,Cleveland Guardians,Progressive Field,824416,regular_season
2026-07-02,2026-07-02T23:15:00,St. Louis Cardinals,Atlanta Braves,Truist Park,824906,regular_season
2026-07-03,2026-07-03T22:45:00,Pittsburgh Pirates,Washington Nationals,Nationals Park,822714,regular_season
2026-07-03,2026-07-04T02:10:00,Toronto Blue Jays,Seattle Mariners,T-Mobile Park,823120,regular_season
2026-07-03,2026-07-03T23:05:00,Minnesota Twins,New York Yankees,Yankee Stadium,823527,regular_season
2026-07-03,2026-07-04T02:10:00,San Diego Padres,Los Angeles Dodgers,UNIQLO Field at Dodger Stadium,823933,regular_season
2026-07-03,2026-07-04T01:38:00,Boston Red Sox,Los Angeles Angels,Angel Stadium,824013,regular_season
2026-07-03,2026-07-04T00:10:00,Tampa Bay Rays,Houston Astros,Daikin Park,824173,regular_season
2026-07-03,2026-07-04T00:10:00,San Francisco Giants,Colorado Rockies,Coors Field,824336,regular_season
2026-07-03,2026-07-03T23:10:00,Chicago White Sox,Cleveland Guardians,Progressive Field,824417,regular_season
2026-07-03,2026-07-03T23:10:00,Baltimore Orioles,Cincinnati Reds,Great American Ball Park,824498,regular_season
2026-07-03,2026-07-03T20:05:00,St. Louis Cardinals,Chicago Cubs,Wrigley Field,824659,regular_season
2026-07-03,2026-07-03T23:15:00,New York Mets,Atlanta Braves,Truist Park,824904,regular_season
2026-07-03,2026-07-04T01:40:00,Miami Marlins,Athletics,Sutter Health Park,824982,regular_season
2026-07-03,2026-07-04T01:40:00,Milwaukee Brewers,Arizona Diamondbacks,Chase Field,825062,regular_season
2026-07-04,2026-07-04T15:05:00,Pittsburgh Pirates,Washington Nationals,Nationals Park,822716,regular_season
2026-07-04,2026-07-04T20:05:00,Detroit Tigers,Texas Rangers,Globe Life Field,822882,regular_season
2026-07-04,2026-07-04T20:10:00,Toronto Blue Jays,Seattle Mariners,T-Mobile Park,823118,regular_season
2026-07-04,2026-07-04T17:35:00,Minnesota Twins,New York Yankees,Yankee Stadium,823526,regular_season
2026-07-04,2026-07-05T02:10:00,San Diego Padres,Los Angeles Dodgers,UNIQLO Field at Dodger Stadium,823932,regular_season
2026-07-04,2026-07-05T01:38:00,Boston Red Sox,Los Angeles Angels,Angel Stadium,824012,regular_season
2026-07-04,2026-07-05T00:10:00,Philadelphia Phillies,Kansas City Royals,Kauffman Stadium,824092,regular_season
2026-07-04,2026-07-04T23:10:00,Tampa Bay Rays,Houston Astros,Daikin Park,824171,regular_season
2026-07-04,2026-07-05T00:10:00,San Francisco Giants,Colorado Rockies,Coors Field,824334,regular_season
2026-07-04,2026-07-04T23:10:00,Chicago White Sox,Cleveland Guardians,Progressive Field,824415,regular_season
2026-07-04,2026-07-04T23:10:00,Baltimore Orioles,Cincinnati Reds,Great American Ball Park,824499,regular_season
2026-07-04,2026-07-05T00:08:00,St. Louis Cardinals,Chicago Cubs,Wrigley Field,824658,regular_season
2026-07-04,2026-07-05T00:08:00,New York Mets,Atlanta Braves,Truist Park,824903,regular_season
2026-07-04,2026-07-05T01:40:00,Miami Marlins,Athletics,Sutter Health Park,824983,regular_season
2026-07-04,2026-07-05T01:40:00,Milwaukee Brewers,Arizona Diamondbacks,Chase Field,825063,regular_season
2026-07-05,2026-07-05T17:00:00,Pittsburgh Pirates,Washington Nationals,Nationals Park,822715,regular_season
2026-07-05,2026-07-05T19:30:00,Detroit Tigers,Texas Rangers,Globe Life Field,822879,regular_season
2026-07-05,2026-07-05T21:00:00,Toronto Blue Jays,Seattle Mariners,T-Mobile Park,823117,regular_season
2026-07-05,2026-07-05T17:35:00,Minnesota Twins,New York Yankees,Yankee Stadium,823525,regular_season
2026-07-05,2026-07-05T23:20:00,San Diego Padres,Los Angeles Dodgers,UNIQLO Field at Dodger Stadium,823931,regular_season
2026-07-05,2026-07-06T01:30:00,Boston Red Sox,Los Angeles Angels,Angel Stadium,824010,regular_season
2026-07-05,2026-07-05T19:00:00,Philadelphia Phillies,Kansas City Royals,Kauffman Stadium,824091,regular_season
2026-07-05,2026-07-05T19:30:00,Tampa Bay Rays,Houston Astros,Daikin Park,824172,regular_season
2026-07-05,2026-07-05T20:00:00,San Francisco Giants,Colorado Rockies,Coors Field,824333,regular_season
2026-07-05,2026-07-05T18:00:00,Chicago White Sox,Cleveland Guardians,Progressive Field,824413,regular_season
2026-07-05,2026-07-05T17:05:00,Baltimore Orioles,Cincinnati Reds,Great American Ball Park,824497,regular_season
2026-07-05,2026-07-05T18:30:00,St. Louis Cardinals,Chicago Cubs,Wrigley Field,824656,regular_season
2026-07-05,2026-07-05T16:30:00,New York Mets,Atlanta Braves,Truist Park,824902,regular_season
2026-07-05,2026-07-05T20:30:00,Miami Marlins,Athletics,Sutter Health Park,824980,regular_season
2026-07-05,2026-07-05T20:10:00,Milwaukee Brewers,Arizona Diamondbacks,Chase Field,825061,regular_season
2026-07-06,2026-07-06T22:45:00,Houston Astros,Washington Nationals,Nationals Park,822712,regular_season
2026-07-06,2026-07-06T22:40:00,New York Yankees,Tampa Bay Rays,Tropicana Field,822958,regular_season
2026-07-06,2026-07-06T23:45:00,Milwaukee Brewers,St. Louis Cardinals,Busch Stadium,823036,regular_season
2026-07-06,2026-07-07T01:45:00,Toronto Blue Jays,San Francisco Giants,Oracle Park,823205,regular_season
2026-07-06,2026-07-07T01:40:00,Arizona Diamondbacks,San Diego Padres,Petco Park,823282,regular_season
2026-07-06,2026-07-07T02:10:00,Colorado Rockies,Los Angeles Dodgers,UNIQLO Field at Dodger Stadium,823930,regular_season
2026-07-06,2026-07-06T18:10:00,Philadelphia Phillies,Kansas City Royals,Kauffman Stadium,824089,regular_season
2026-07-06,2026-07-06T23:15:00,New York Mets,Atlanta Braves,Truist Park,824900,regular_season
2026-07-07,2026-07-07T22:45:00,Houston Astros,Washington Nationals,Nationals Park,822713,regular_season
2026-07-07,2026-07-08T00:05:00,Los Angeles Angels,Texas Rangers,Globe Life Field,822881,regular_season
2026-07-07,2026-07-07T22:40:00,New York Yankees,Tampa Bay Rays,Tropicana Field,822956,regular_season
2026-07-07,2026-07-07T23:45:00,Milwaukee Brewers,St. Louis Cardinals,Busch Stadium,823035,regular_season
2026-07-07,2026-05-05T23:45:00,Milwaukee Brewers,St. Louis Cardinals,Busch Stadium,823062,regular_season
2026-07-07,2026-07-07T18:15:00,Milwaukee Brewers,St. Louis Cardinals,Busch Stadium,823062,regular_season
2026-07-07,2026-07-08T01:45:00,Toronto Blue Jays,San Francisco Giants,Oracle Park,823203,regular_season
2026-07-07,2026-07-08T01:40:00,Arizona Diamondbacks,San Diego Padres,Petco Park,823280,regular_season
2026-07-07,2026-07-07T22:40:00,Atlanta Braves,Pittsburgh Pirates,PNC Park,823361,regular_season
2026-07-07,2026-07-07T23:10:00,Kansas City Royals,New York Mets,Citi Field,823607,regular_season
2026-07-07,2026-07-07T23:40:00,Cleveland Guardians,Minnesota Twins,Target Field,823687,regular_season
2026-07-07,2026-07-07T22:40:00,Seattle Mariners,Miami Marlins,loanDepot park,823847,regular_season
2026-07-07,2026-07-08T02:10:00,Colorado Rockies,Los Angeles Dodgers,UNIQLO Field at Dodger Stadium,823929,regular_season
2026-07-07,2026-07-07T22:40:00,Athletics,Detroit Tigers,Comerica Park,824254,regular_season
2026-07-07,2026-07-07T23:10:00,Philadelphia Phillies,Cincinnati Reds,Great American Ball Park,824495,regular_season
2026-07-07,2026-07-07T23:40:00,Boston Red Sox,Chicago White Sox,Rate Field,824579,regular_season
2026-07-07,2026-07-07T22:35:00,Chicago Cubs,Baltimore Orioles,Oriole Park at Camden Yards,824820,regular_season
2026-07-08,2026-07-08T22:45:00,Houston Astros,Washington Nationals,Nationals Park,822710,regular_season
2026-07-08,2026-07-09T00:05:00,Los Angeles Angels,Texas Rangers,Globe Life Field,822880,regular_season
2026-07-08,2026-07-08T22:40:00,New York Yankees,Tampa Bay Rays,Tropicana Field,822957,regular_season
2026-07-08,2026-07-08T23:45:00,Milwaukee Brewers,St. Louis Cardinals,Busch Stadium,823032,regular_season
2026-07-08,2026-07-08T19:45:00,Toronto Blue Jays,San Francisco Giants,Oracle Park,823202,regular_season
2026-07-08,2026-07-09T02:10:00,Arizona Diamondbacks,San Diego Padres,Petco Park,823279,regular_season
2026-07-08,2026-07-08T22:40:00,Atlanta Braves,Pittsburgh Pirates,PNC Park,823360,regular_season
2026-07-08,2026-07-08T23:10:00,Kansas City Royals,New York Mets,Citi Field,823605,regular_season
2026-07-08,2026-07-08T23:40:00,Cleveland Guardians,Minnesota Twins,Target Field,823684,regular_season
2026-07-08,2026-07-08T22:40:00,Seattle Mariners,Miami Marlins,loanDepot park,823848,regular_season
2026-07-08,2026-07-09T02:10:00,Colorado Rockies,Los Angeles Dodgers,UNIQLO Field at Dodger Stadium,823928,regular_season
2026-07-08,2026-07-08T22:40:00,Athletics,Detroit Tigers,Comerica Park,824253,regular_season
2026-07-08,2026-07-08T23:10:00,Philadelphia Phillies,Cincinnati Reds,Great American Ball Park,824496,regular_season
2026-07-08,2026-07-08T23:40:00,Boston Red Sox,Chicago White Sox,Rate Field,824578,regular_season
2026-07-08,2026-07-08T22:35:00,Chicago Cubs,Baltimore Orioles,Oriole Park at Camden Yards,824815,regular_season
2026-07-09,2026-07-10T00:05:00,Los Angeles Angels,Texas Rangers,Globe Life Field,822877,regular_season
2026-07-09,2026-07-09T17:10:00,New York Yankees,Tampa Bay Rays,Tropicana Field,822954,regular_season
2026-07-09,2026-07-09T23:45:00,Milwaukee Brewers,St. Louis Cardinals,Busch Stadium,823034,regular_season
2026-07-09,2026-07-10T01:45:00,Colorado Rockies,San Francisco Giants,Oracle Park,823201,regular_season
2026-07-09,2026-07-10T01:40:00,Arizona Diamondbacks,San Diego Padres,Petco Park,823277,regular_season
2026-07-09,2026-07-09T16:35:00,Atlanta Braves,Pittsburgh Pirates,PNC Park,823359,regular_season
2026-07-09,2026-07-09T17:10:00,Kansas City Royals,New York Mets,Citi Field,823606,regular_season
2026-07-09,2026-07-09T17:40:00,Cleveland Guardians,Minnesota Twins,Target Field,823683,regular_season
2026-07-09,2026-07-09T22:40:00,Seattle Mariners,Miami Marlins,loanDepot park,823846,regular_season
2026-07-09,2026-07-09T22:40:00,Athletics,Detroit Tigers,Comerica Park,824251,regular_season
2026-07-09,2026-07-09T23:10:00,Philadelphia Phillies,Cincinnati Reds,Great American Ball Park,824494,regular_season
2026-07-09,2026-07-09T18:10:00,Boston Red Sox,Chicago White Sox,Rate Field,824577,regular_season
2026-07-09,2026-07-09T22:35:00,Chicago Cubs,Baltimore Orioles,Oriole Park at Camden Yards,824816,regular_season
2026-07-10,2026-07-10T22:45:00,New York Yankees,Washington Nationals,Nationals Park,822709,regular_season
2026-07-10,2026-07-11T00:05:00,Houston Astros,Texas Rangers,Globe Life Field,822878,regular_season
2026-07-10,2026-07-10T23:10:00,Seattle Mariners,Tampa Bay Rays,Tropicana Field,822955,regular_season
2026-07-10,2026-07-11T00:15:00,Atlanta Braves,St. Louis Cardinals,Busch Stadium,823033,regular_season
2026-07-10,2026-07-11T02:15:00,Colorado Rockies,San Francisco Giants,Oracle Park,823200,regular_season
2026-07-10,2026-07-11T01:40:00,Toronto Blue Jays,San Diego Padres,Petco Park,823278,regular_season
2026-07-10,2026-07-10T22:40:00,Milwaukee Brewers,Pittsburgh Pirates,PNC Park,823357,regular_season
2026-07-10,2026-07-10T23:10:00,Boston Red Sox,New York Mets,Citi Field,823604,regular_season
2026-07-10,2026-07-11T00:10:00,Los Angeles Angels,Minnesota Twins,Target Field,823685,regular_season
2026-07-10,2026-07-10T23:10:00,Cleveland Guardians,Miami Marlins,loanDepot park,823845,regular_season
2026-07-10,2026-07-11T02:10:00,Arizona Diamondbacks,Los Angeles Dodgers,UNIQLO Field at Dodger Stadium,823927,regular_season
2026-07-10,2026-07-10T22:40:00,Philadelphia Phillies,Detroit Tigers,Comerica Park,824252,regular_season
2026-07-10,2026-07-10T23:10:00,Chicago Cubs,Cincinnati Reds,Great American Ball Park,824493,regular_season
2026-07-10,2026-07-10T23:40:00,Athletics,Chicago White Sox,Rate Field,824575,regular_season
2026-07-10,2026-07-10T23:05:00,Kansas City Royals,Baltimore Orioles,Oriole Park at Camden Yards,824817,regular_season
2026-07-11,2026-07-11T20:05:00,New York Yankees,Washington Nationals,Nationals Park,822711,regular_season
2026-07-11,2026-07-11T23:05:00,Houston Astros,Texas Rangers,Globe Life Field,822875,regular_season
2026-07-11,2026-07-11T20:10:00,Seattle Mariners,Tampa Bay Rays,Tropicana Field,822953,regular_season
2026-07-11,2026-07-11T23:15:00,Atlanta Braves,St. Louis Cardinals,Busch Stadium,823030,regular_season
2026-07-11,2026-07-11T20:05:00,Colorado Rockies,San Francisco Giants,Oracle Park,823198,regular_season
2026-07-11,2026-07-12T00:40:00,Toronto Blue Jays,San Diego Padres,Petco Park,823276,regular_season
2026-07-11,2026-07-11T20:05:00,Milwaukee Brewers,Pittsburgh Pirates,PNC Park,823356,regular_season
2026-07-11,2026-07-11T20:10:00,Boston Red Sox,New York Mets,Citi Field,823603,regular_season
2026-07-11,2026-07-11T18:10:00,Los Angeles Angels,Minnesota Twins,Target Field,823682,regular_season
2026-07-11,2026-07-11T20:10:00,Cleveland Guardians,Miami Marlins,loanDepot park,823844,regular_season
2026-07-11,2026-07-12T01:10:00,Arizona Diamondbacks,Los Angeles Dodgers,UNIQLO Field at Dodger Stadium,823926,regular_season
2026-07-11,2026-07-11T22:10:00,Philadelphia Phillies,Detroit Tigers,Comerica Park,824249,regular_season
2026-07-11,2026-07-11T23:10:00,Chicago Cubs,Cincinnati Reds,Great American Ball Park,824492,regular_season
2026-07-11,2026-07-11T18:10:00,Athletics,Chicago White Sox,Rate Field,824576,regular_season
2026-07-11,2026-07-11T23:05:00,Kansas City Royals,Baltimore Orioles,Oriole Park at Camden Yards,824813,regular_season
2026-07-12,2026-07-12T17:35:00,New York Yankees,Washington Nationals,Nationals Park,822708,regular_season
2026-07-12,2026-07-12T18:35:00,Houston Astros,Texas Rangers,Globe Life Field,822876,regular_season
2026-07-12,2026-07-12T17:40:00,Seattle Mariners,Tampa Bay Rays,Tropicana Field,822951,regular_season
2026-07-12,2026-07-12T18:15:00,Atlanta Braves,St. Louis Cardinals,Busch Stadium,823029,regular_season
2026-07-12,2026-07-12T20:05:00,Colorado Rockies,San Francisco Giants,Oracle Park,823199,regular_season
2026-07-12,2026-07-12T20:10:00,Toronto Blue Jays,San Diego Padres,Petco Park,823274,regular_season
2026-07-12,2026-07-12T16:15:00,Milwaukee Brewers,Pittsburgh Pirates,PNC Park,823358,regular_season
2026-07-12,2026-07-12T17:40:00,Boston Red Sox,New York Mets,Citi Field,823602,regular_season
2026-07-12,2026-07-12T18:10:00,Los Angeles Angels,Minnesota Twins,Target Field,823681,regular_season
2026-07-12,2026-07-12T17:40:00,Cleveland Guardians,Miami Marlins,loanDepot park,823842,regular_season
2026-07-12,2026-07-12T20:10:00,Arizona Diamondbacks,Los Angeles Dodgers,UNIQLO Field at Dodger Stadium,823925,regular_season
2026-07-12,2026-07-12T17:40:00,Philadelphia Phillies,Detroit Tigers,Comerica Park,824250,regular_season
2026-07-12,2026-07-12T17:40:00,Chicago Cubs,Cincinnati Reds,Great American Ball Park,824491,regular_season
2026-07-12,2026-07-12T18:10:00,Athletics,Chicago White Sox,Rate Field,824574,regular_season
2026-07-12,2026-07-12T17:35:00,Kansas City Royals,Baltimore Orioles,Oriole Park at Camden Yards,824814,regular_season
2026-07-16,2026-07-16T23:10:00,New York Mets,Philadelphia Phillies,Citizens Bank Park,823440,regular_season
2026-07-17,2026-07-17T23:15:00,Chicago White Sox,Toronto Blue Jays,Rogers Centre,822789,regular_season
2026-07-17,2026-07-18T02:10:00,San Francisco Giants,Seattle Mariners,T-Mobile Park,823115,regular_season
2026-07-17,2026-07-17T23:05:00,Los Angeles Dodgers,New York Yankees,Yankee Stadium,823524,regular_season
2026-07-17,2026-07-17T23:40:00,Miami Marlins,Milwaukee Brewers,American Family Field,823766,regular_season
2026-07-17,2026-07-18T01:38:00,Detroit Tigers,Los Angeles Angels,Angel Stadium,824009,regular_season
2026-07-17,2026-07-18T00:10:00,San Diego Padres,Kansas City Royals,Kauffman Stadium,824090,regular_season
2026-07-17,2026-07-18T00:10:00,Baltimore Orioles,Houston Astros,Daikin Park,824170,regular_season
2026-07-17,2026-07-18T00:40:00,Cincinnati Reds,Colorado Rockies,Coors Field,824332,regular_season
2026-07-17,2026-07-17T23:10:00,Pittsburgh Pirates,Cleveland Guardians,Progressive Field,824414,regular_season
2026-07-17,2026-07-18T00:05:00,Minnesota Twins,Chicago Cubs,Wrigley Field,824655,regular_season
2026-07-17,2026-07-17T23:10:00,Tampa Bay Rays,Boston Red Sox,Fenway Park,824737,regular_season
2026-07-17,2026-05-09T20:10:00,Tampa Bay Rays,Boston Red Sox,Fenway Park,824766,regular_season
2026-07-17,2026-07-17T17:35:00,Tampa Bay Rays,Boston Red Sox,Fenway Park,824766,regular_season
2026-07-17,2026-07-17T23:15:00,Texas Rangers,Atlanta Braves,Truist Park,824901,regular_season
2026-07-17,2026-07-18T01:40:00,Washington Nationals,Athletics,Sutter Health Park,824981,regular_season
2026-07-17,2026-07-18T01:40:00,St. Louis Cardinals,Arizona Diamondbacks,Chase Field,825060,regular_season
2026-07-18,2026-07-18T19:07:00,Chicago White Sox,Toronto Blue Jays,Rogers Centre,822790,regular_season
2026-07-18,2026-07-19T00:08:00,San Francisco Giants,Seattle Mariners,T-Mobile Park,823116,regular_season
2026-07-18,2026-07-18T20:05:00,New York Mets,Philadelphia Phillies,Citizens Bank Park,823441,regular_season
2026-07-18,2026-07-19T00:08:00,Los Angeles Dodgers,New York Yankees,Yankee Stadium,823523,regular_season
2026-07-18,2026-07-18T20:10:00,Miami Marlins,Milwaukee Brewers,American Family Field,823763,regular_season
2026-07-18,2026-07-19T02:07:00,Detroit Tigers,Los Angeles Angels,Angel Stadium,824008,regular_season
2026-07-18,2026-07-18T20:10:00,San Diego Padres,Kansas City Royals,Kauffman Stadium,824088,regular_season
2026-07-18,2026-07-18T20:10:00,Baltimore Orioles,Houston Astros,Daikin Park,824169,regular_season
2026-07-18,2026-07-18T19:10:00,Cincinnati Reds,Colorado Rockies,Coors Field,824331,regular_season
2026-07-18,2026-07-18T20:10:00,Pittsburgh Pirates,Cleveland Guardians,Progressive Field,824412,regular_season
2026-07-18,2026-07-18T18:20:00,Minnesota Twins,Chicago Cubs,Wrigley Field,824657,regular_season
2026-07-18,2026-07-18T20:10:00,Tampa Bay Rays,Boston Red Sox,Fenway Park,824738,regular_season
2026-07-18,2026-07-18T20:10:00,Texas Rangers,Atlanta Braves,Truist Park,824899,regular_season
2026-07-18,2026-07-19T02:05:00,Washington Nationals,Athletics,Sutter Health Park,824979,regular_season
2026-07-18,2026-07-18T20:10:00,St. Louis Cardinals,Arizona Diamondbacks,Chase Field,825059,regular_season
2026-07-19,2026-07-19T16:15:00,Chicago White Sox,Toronto Blue Jays,Rogers Centre,822786,regular_season
2026-07-19,2026-07-19T20:10:00,San Francisco Giants,Seattle Mariners,T-Mobile Park,823113,regular_season
2026-07-19,2026-07-19T17:35:00,New York Mets,Philadelphia Phillies,Citizens Bank Park,823439,regular_season
2026-07-19,2026-07-19T23:20:00,Los Angeles Dodgers,New York Yankees,Yankee Stadium,823521,regular_season
2026-07-19,2026-07-19T18:10:00,Miami Marlins,Milwaukee Brewers,American Family Field,823764,regular_season
2026-07-19,2026-07-19T20:07:00,Detroit Tigers,Los Angeles Angels,Angel Stadium,824007,regular_season
2026-07-19,2026-07-19T18:10:00,San Diego Padres,Kansas City Royals,Kauffman Stadium,824086,regular_season
2026-07-19,2026-07-19T18:10:00,Baltimore Orioles,Houston Astros,Daikin Park,824168,regular_season
2026-07-19,2026-07-19T19:10:00,Cincinnati Reds,Colorado Rockies,Coors Field,824330,regular_season
2026-07-19,2026-07-19T17:40:00,Pittsburgh Pirates,Cleveland Guardians,Progressive Field,824411,regular_season
2026-07-19,2026-07-19T18:20:00,Minnesota Twins,Chicago Cubs,Wrigley Field,824653,regular_season
2026-07-19,2026-07-19T17:35:00,Tampa Bay Rays,Boston Red Sox,Fenway Park,824739,regular_season
2026-07-19,2026-07-19T17:35:00,Texas Rangers,Atlanta Braves,Truist Park,824897,regular_season
2026-07-19,2026-07-19T20:05:00,Washington Nationals,Athletics,Sutter Health Park,824978,regular_season
2026-07-19,2026-07-19T20:10:00,St. Louis Cardinals,Arizona Diamondbacks,Chase Field,825057,regular_season
2026-07-20,2026-07-20T23:07:00,Tampa Bay Rays,Toronto Blue Jays,Rogers Centre,822788,regular_season
2026-07-20,2026-07-21T00:05:00,Chicago White Sox,Texas Rangers,Globe Life Field,822874,regular_season
2026-07-20,2026-07-21T01:40:00,Cincinnati Reds,Seattle Mariners,T-Mobile Park,823112,regular_season
2026-07-20,2026-07-20T23:10:00,Los Angeles Dodgers,Philadelphia Phillies,Citizens Bank Park,823436,regular_season
2026-07-20,2026-07-20T23:05:00,Pittsburgh Pirates,New York Yankees,Yankee Stadium,823522,regular_season
2026-07-20,2026-07-20T23:40:00,New York Mets,Milwaukee Brewers,American Family Field,823762,regular_season
2026-07-20,2026-07-21T02:10:00,St. Louis Cardinals,Los Angeles Angels,Angel Stadium,824006,regular_season
2026-07-20,2026-07-20T23:40:00,San Francisco Giants,Kansas City Royals,Kauffman Stadium,824087,regular_season
2026-07-20,2026-07-21T00:10:00,Miami Marlins,Houston Astros,Daikin Park,824167,regular_season
2026-07-20,2026-07-21T00:40:00,Washington Nationals,Colorado Rockies,Coors Field,824328,regular_season
2026-07-20,2026-07-20T22:40:00,Minnesota Twins,Cleveland Guardians,Progressive Field,824410,regular_season
2026-07-20,2026-07-21T00:05:00,Detroit Tigers,Chicago Cubs,Wrigley Field,824654,regular_season
2026-07-20,2026-07-20T23:10:00,Baltimore Orioles,Boston Red Sox,Fenway Park,824736,regular_season
2026-07-20,2026-07-20T23:15:00,San Diego Padres,Atlanta Braves,Truist Park,824898,regular_season
2026-07-20,2026-07-21T01:40:00,Athletics,Arizona Diamondbacks,Chase Field,825058,regular_season
2026-07-21,2026-07-21T23:07:00,Tampa Bay Rays,Toronto Blue Jays,Rogers Centre,822787,regular_season
2026-07-21,2026-07-22T00:05:00,Chicago White Sox,Texas Rangers,Globe Life Field,822871,regular_season
2026-07-21,2026-07-22T01:40:00,Cincinnati Reds,Seattle Mariners,T-Mobile Park,823114,regular_season
2026-07-21,2026-07-21T22:40:00,Los Angeles Dodgers,Philadelphia Phillies,Citizens Bank Park,823437,regular_season
2026-07-21,2026-07-21T23:05:00,Pittsburgh Pirates,New York Yankees,Yankee Stadium,823519,regular_season
2026-07-21,2026-07-21T23:40:00,New York Mets,Milwaukee Brewers,American Family Field,823760,regular_season
2026-07-21,2026-07-22T01:38:00,St. Louis Cardinals,Los Angeles Angels,Angel Stadium,824005,regular_season
2026-07-21,2026-07-21T23:40:00,San Francisco Giants,Kansas City Royals,Kauffman Stadium,824085,regular_season
2026-07-21,2026-07-22T00:10:00,Miami Marlins,Houston Astros,Daikin Park,824165,regular_season
2026-07-21,2026-07-22T00:40:00,Washington Nationals,Colorado Rockies,Coors Field,824329,regular_season
2026-07-21,2026-07-21T22:40:00,Minnesota Twins,Cleveland Guardians,Progressive Field,824409,regular_season
2026-07-21,2026-07-22T00:05:00,Detroit Tigers,Chicago Cubs,Wrigley Field,824652,regular_season
2026-07-21,2026-07-21T23:10:00,Baltimore Orioles,Boston Red Sox,Fenway Park,824735,regular_season
2026-07-21,2026-07-21T23:15:00,San Diego Padres,Atlanta Braves,Truist Park,824895,regular_season
2026-07-21,2026-07-22T01:40:00,Athletics,Arizona Diamondbacks,Chase Field,825056,regular_season
2026-07-22,2026-07-22T23:07:00,Tampa Bay Rays,Toronto Blue Jays,Rogers Centre,822784,regular_season
2026-07-22,2026-07-23T00:05:00,Chicago White Sox,Texas Rangers,Globe Life Field,822873,regular_season
2026-07-22,2026-07-22T19:40:00,Cincinnati Reds,Seattle Mariners,T-Mobile Park,823110,regular_season
2026-07-22,2026-07-22T22:40:00,Los Angeles Dodgers,Philadelphia Phillies,Citizens Bank Park,823438,regular_season
2026-07-22,2026-07-22T17:35:00,Pittsburgh Pirates,New York Yankees,Yankee Stadium,823518,regular_season
2026-07-22,2026-07-22T18:10:00,New York Mets,Milwaukee Brewers,American Family Field,823761,regular_season
2026-07-22,2026-07-22T20:07:00,St. Louis Cardinals,Los Angeles Angels,Angel Stadium,824004,regular_season
2026-07-22,2026-07-22T18:10:00,San Francisco Giants,Kansas City Royals,Kauffman Stadium,824083,regular_season
2026-07-22,2026-07-23T00:10:00,Miami Marlins,Houston Astros,Daikin Park,824166,regular_season
2026-07-22,2026-07-22T19:10:00,Washington Nationals,Colorado Rockies,Coors Field,824327,regular_season
2026-07-22,2026-07-22T22:40:00,Minnesota Twins,Cleveland Guardians,Progressive Field,824408,regular_season
2026-07-22,2026-07-23T00:05:00,Detroit Tigers,Chicago Cubs,Wrigley Field,824650,regular_season
2026-07-22,2026-07-22T23:10:00,Baltimore Orioles,Boston Red Sox,Fenway Park,824732,regular_season
2026-07-22,2026-07-22T23:15:00,San Diego Padres,Atlanta Braves,Truist Park,824896,regular_season
2026-07-22,2026-07-22T19:40:00,Athletics,Arizona Diamondbacks,Chase Field,825055,regular_season
2026-07-23,2026-07-23T19:07:00,Tampa Bay Rays,Toronto Blue Jays,Rogers Centre,822785,regular_season
2026-07-23,2026-07-23T22:40:00,Kansas City Royals,Detroit Tigers,Comerica Park,824247,regular_season
2026-07-23,2026-07-23T17:10:00,Minnesota Twins,Cleveland Guardians,Progressive Field,824406,regular_season
2026-07-23,2026-07-23T16:15:00,San Diego Padres,Atlanta Braves,Truist Park,824893,regular_season
2026-07-24,2026-07-24T22:45:00,Arizona Diamondbacks,Washington Nationals,Nationals Park,822707,regular_season
2026-07-24,2026-07-25T00:05:00,Seattle Mariners,Texas Rangers,Globe Life Field,822872,regular_season
2026-07-24,2026-07-24T23:10:00,Cleveland Guardians,Tampa Bay Rays,Tropicana Field,822952,regular_season
2026-07-24,2026-07-25T00:15:00,Cincinnati Reds,St. Louis Cardinals,Busch Stadium,823031,regular_season
2026-07-24,2026-07-25T02:15:00,Los Angeles Angels,San Francisco Giants,Oracle Park,823196,regular_season
2026-07-24,2026-07-24T22:40:00,Chicago Cubs,Pittsburgh Pirates,PNC Park,823352,regular_season
2026-07-24,2026-07-24T22:40:00,New York Yankees,Philadelphia Phillies,Citizens Bank Park,823434,regular_season
2026-07-24,2026-07-24T23:10:00,Los Angeles Dodgers,New York Mets,Citi Field,823601,regular_season
2026-07-24,2026-07-25T00:10:00,Athletics,Minnesota Twins,Target Field,823680,regular_season
2026-07-24,2026-07-24T20:10:00,Colorado Rockies,Milwaukee Brewers,American Family Field,823759,regular_season
2026-07-24,2026-07-24T23:10:00,San Diego Padres,Miami Marlins,loanDepot park,823843,regular_season
2026-07-24,2026-07-24T22:40:00,Kansas City Royals,Detroit Tigers,Comerica Park,824248,regular_season
2026-07-24,2026-07-24T23:40:00,Houston Astros,Chicago White Sox,Rate Field,824573,regular_season
2026-07-24,2026-07-24T23:10:00,Toronto Blue Jays,Boston Red Sox,Fenway Park,824733,regular_season
2026-07-24,2026-07-24T23:05:00,Atlanta Braves,Baltimore Orioles,Oriole Park at Camden Yards,824812,regular_season
2026-07-25,2026-07-25T20:05:00,Arizona Diamondbacks,Washington Nationals,Nationals Park,822704,regular_season
2026-07-25,2026-07-25T23:15:00,Seattle Mariners,Texas Rangers,Globe Life Field,822869,regular_season
2026-07-25,2026-07-25T22:10:00,Cleveland Guardians,Tampa Bay Rays,Tropicana Field,822948,regular_season
2026-07-25,2026-07-25T23:15:00,Cincinnati Reds,St. Louis Cardinals,Busch Stadium,823027,regular_season
2026-07-25,2026-07-25T20:05:00,Los Angeles Angels,San Francisco Giants,Oracle Park,823197,regular_season
2026-07-25,2026-07-25T22:40:00,Chicago Cubs,Pittsburgh Pirates,PNC Park,823355,regular_season
2026-07-25,2026-07-25T22:05:00,New York Yankees,Philadelphia Phillies,Citizens Bank Park,823435,regular_season
2026-07-25,2026-07-25T23:15:00,Los Angeles Dodgers,New York Mets,Citi Field,823600,regular_season
2026-07-25,2026-07-25T23:10:00,Athletics,Minnesota Twins,Target Field,823679,regular_season
2026-07-25,2026-07-25T23:10:00,Colorado Rockies,Milwaukee Brewers,American Family Field,823758,regular_season
2026-07-25,2026-07-25T20:10:00,San Diego Padres,Miami Marlins,loanDepot park,823841,regular_season
2026-07-25,2026-07-25T17:10:00,Kansas City Royals,Detroit Tigers,Comerica Park,824244,regular_season
2026-07-25,2026-07-25T23:10:00,Houston Astros,Chicago White Sox,Rate Field,824571,regular_season
2026-07-25,2026-07-25T20:10:00,Toronto Blue Jays,Boston Red Sox,Fenway Park,824734,regular_season
2026-07-25,2026-07-25T23:05:00,Atlanta Braves,Baltimore Orioles,Oriole Park at Camden Yards,824811,regular_season
2026-07-26,2026-07-26T17:35:00,Arizona Diamondbacks,Washington Nationals,Nationals Park,822706,regular_season
2026-07-26,2026-07-26T18:35:00,Seattle Mariners,Texas Rangers,Globe Life Field,822870,regular_season
2026-07-26,2026-07-26T16:15:00,Cleveland Guardians,Tampa Bay Rays,Tropicana Field,822950,regular_season
2026-07-26,2026-07-26T18:15:00,Cincinnati Reds,St. Louis Cardinals,Busch Stadium,823028,regular_season
2026-07-26,2026-07-26T20:05:00,Los Angeles Angels,San Francisco Giants,Oracle Park,823194,regular_season
2026-07-26,2026-07-26T17:35:00,Chicago Cubs,Pittsburgh Pirates,PNC Park,823354,regular_season
2026-07-26,2026-07-26T23:20:00,New York Yankees,Philadelphia Phillies,Citizens Bank Park,823433,regular_season
2026-07-26,2026-07-26T17:40:00,Los Angeles Dodgers,New York Mets,Citi Field,823599,regular_season
2026-07-26,2026-07-26T18:10:00,Athletics,Minnesota Twins,Target Field,823678,regular_season
2026-07-26,2026-07-26T18:10:00,Colorado Rockies,Milwaukee Brewers,American Family Field,823755,regular_season
2026-07-26,2026-07-26T17:40:00,San Diego Padres,Miami Marlins,loanDepot park,823840,regular_season
2026-07-26,2026-07-26T17:40:00,Kansas City Royals,Detroit Tigers,Comerica Park,824246,regular_season
2026-07-26,2026-07-26T18:10:00,Houston Astros,Chicago White Sox,Rate Field,824572,regular_season
2026-07-26,2026-07-26T17:35:00,Toronto Blue Jays,Boston Red Sox,Fenway Park,824730,regular_season
2026-07-26,2026-07-26T17:35:00,Atlanta Braves,Baltimore Orioles,Oriole Park at Camden Yards,824810,regular_season
2026-07-27,2026-07-27T22:45:00,Toronto Blue Jays,Washington Nationals,Nationals Park,822705,regular_season
2026-07-27,2026-07-27T18:35:00,Seattle Mariners,Texas Rangers,Globe Life Field,822868,regular_season
2026-07-27,2026-07-27T23:45:00,Chicago Cubs,St. Louis Cardinals,Busch Stadium,823025,regular_season
2026-07-27,2026-07-28T01:45:00,Milwaukee Brewers,San Francisco Giants,Oracle Park,823195,regular_season
2026-07-27,2026-07-27T22:40:00,Arizona Diamondbacks,Pittsburgh Pirates,PNC Park,823353,regular_season
2026-07-27,2026-07-27T23:10:00,Atlanta Braves,New York Mets,Citi Field,823597,regular_season
2026-07-27,2026-07-27T22:40:00,Philadelphia Phillies,Miami Marlins,loanDepot park,823839,regular_season
2026-07-27,2026-07-28T01:38:00,Houston Astros,Los Angeles Angels,Angel Stadium,824001,regular_season
2026-07-27,2026-07-27T22:40:00,Baltimore Orioles,Detroit Tigers,Comerica Park,824245,regular_season
2026-07-27,2026-07-27T23:10:00,Cleveland Guardians,Cincinnati Reds,Great American Ball Park,824490,regular_season
2026-07-27,2026-07-27T23:40:00,New York Yankees,Chicago White Sox,Rate Field,824570,regular_season
2026-07-27,2026-07-28T01:40:00,Boston Red Sox,Athletics,Sutter Health Park,824977,regular_season
2026-07-28,2026-07-28T22:45:00,Toronto Blue Jays,Washington Nationals,Nationals Park,822703,regular_season
2026-07-28,2026-07-28T22:40:00,Texas Rangers,Tampa Bay Rays,Tropicana Field,822949,regular_season
2026-07-28,2026-07-28T23:45:00,Chicago Cubs,St. Louis Cardinals,Busch Stadium,823026,regular_season
2026-07-28,2026-07-29T01:45:00,Milwaukee Brewers,San Francisco Giants,Oracle Park,823193,regular_season
2026-07-28,2026-07-29T01:40:00,Colorado Rockies,San Diego Padres,Petco Park,823275,regular_season
2026-07-28,2026-07-28T22:40:00,Arizona Diamondbacks,Pittsburgh Pirates,PNC Park,823350,regular_season
2026-07-28,2026-07-28T23:10:00,Atlanta Braves,New York Mets,Citi Field,823598,regular_season
2026-07-28,2026-07-28T23:40:00,Kansas City Royals,Minnesota Twins,Target Field,823676,regular_season
2026-07-28,2026-07-28T22:40:00,Philadelphia Phillies,Miami Marlins,loanDepot park,823838,regular_season
2026-07-28,2026-07-29T02:10:00,Seattle Mariners,Los Angeles Dodgers,UNIQLO Field at Dodger Stadium,823923,regular_season
2026-07-28,2026-07-29T01:38:00,Houston Astros,Los Angeles Angels,Angel Stadium,824003,regular_season
2026-07-28,2026-07-28T22:40:00,Baltimore Orioles,Detroit Tigers,Comerica Park,824243,regular_season
2026-07-28,2026-07-28T23:10:00,Cleveland Guardians,Cincinnati Reds,Great American Ball Park,824489,regular_season
2026-07-28,2026-07-28T23:40:00,New York Yankees,Chicago White Sox,Rate Field,824569,regular_season
2026-07-28,2026-07-29T01:40:00,Boston Red Sox,Athletics,Sutter Health Park,824976,regular_season
2026-07-29,2026-07-29T17:05:00,Toronto Blue Jays,Washington Nationals,Nationals Park,822702,regular_season
2026-07-29,2026-07-29T22:40:00,Texas Rangers,Tampa Bay Rays,Tropicana Field,822947,regular_season
2026-07-29,2026-07-29T23:45:00,Chicago Cubs,St. Louis Cardinals,Busch Stadium,823022,regular_season
2026-07-29,2026-07-29T19:45:00,Milwaukee Brewers,San Francisco Giants,Oracle Park,823192,regular_season
2026-07-29,2026-07-29T20:10:00,Colorado Rockies,San Diego Padres,Petco Park,823273,regular_season
2026-07-29,2026-07-29T16:35:00,Arizona Diamondbacks,Pittsburgh Pirates,PNC Park,823351,regular_season
2026-07-29,2026-07-29T17:10:00,Atlanta Braves,New York Mets,Citi Field,823596,regular_season
2026-07-29,2026-07-29T23:40:00,Kansas City Royals,Minnesota Twins,Target Field,823677,regular_season
2026-07-29,2026-07-29T16:10:00,Philadelphia Phillies,Miami Marlins,loanDepot park,823837,regular_season
2026-07-29,2026-07-30T02:10:00,Seattle Mariners,Los Angeles Dodgers,UNIQLO Field at Dodger Stadium,823924,regular_season
2026-07-29,2026-07-30T01:38:00,Houston Astros,Los Angeles Angels,Angel Stadium,824002,regular_season
2026-07-29,2026-07-29T17:10:00,Baltimore Orioles,Detroit Tigers,Comerica Park,824242,regular_season
2026-07-29,2026-07-29T23:10:00,Cleveland Guardians,Cincinnati Reds,Great American Ball Park,824487,regular_season
2026-07-29,2026-07-29T23:40:00,New York Yankees,Chicago White Sox,Rate Field,824567,regular_season
2026-07-29,2026-07-30T01:40:00,Boston Red Sox,Athletics,Sutter Health Park,824973,regular_season
2026-07-30,2026-07-30T16:10:00,Texas Rangers,Tampa Bay Rays,Tropicana Field,822946,regular_season
2026-07-30,2026-07-30T18:15:00,Chicago Cubs,St. Louis Cardinals,Busch Stadium,823023,regular_season
2026-07-30,2026-07-31T01:40:00,San Francisco Giants,San Diego Padres,Petco Park,823271,regular_season
2026-07-30,2026-07-30T23:10:00,Miami Marlins,New York Mets,Citi Field,823595,regular_season
2026-07-30,2026-07-30T17:40:00,Kansas City Royals,Minnesota Twins,Target Field,823674,regular_season
2026-07-30,2026-07-31T02:10:00,Seattle Mariners,Los Angeles Dodgers,UNIQLO Field at Dodger Stadium,823921,regular_season
2026-07-30,2026-07-30T23:10:00,Pittsburgh Pirates,Cincinnati Reds,Great American Ball Park,824488,regular_season
2026-07-30,2026-07-30T18:10:00,New York Yankees,Chicago White Sox,Rate Field,824568,regular_season
2026-07-30,2026-07-30T23:15:00,Washington Nationals,Atlanta Braves,Truist Park,824894,regular_season
2026-07-30,2026-07-31T01:40:00,Boston Red Sox,Athletics,Sutter Health Park,824974,regular_season
2026-07-31,2026-07-31T23:07:00,St. Louis Cardinals,Toronto Blue Jays,Rogers Centre,822782,regular_season
2026-07-31,2026-07-31T23:10:00,Chicago White Sox,Tampa Bay Rays,Tropicana Field,822945,regular_season
2026-07-31,2026-08-01T02:10:00,Minnesota Twins,Seattle Mariners,T-Mobile Park,823111,regular_season
2026-07-31,2026-08-01T01:40:00,San Francisco Giants,San Diego Padres,Petco Park,823272,regular_season
2026-07-31,2026-07-31T23:10:00,Miami Marlins,New York Mets,Citi Field,823593,regular_season
2026-07-31,2026-08-01T02:10:00,Boston Red Sox,Los Angeles Dodgers,UNIQLO Field at Dodger Stadium,823922,regular_season
2026-07-31,2026-08-01T01:38:00,Milwaukee Brewers,Los Angeles Angels,Angel Stadium,823999,regular_season
2026-07-31,2026-08-01T00:10:00,Texas Rangers,Houston Astros,Daikin Park,824164,regular_season
2026-07-31,2026-08-01T00:40:00,Kansas City Royals,Colorado Rockies,Coors Field,824325,regular_season
2026-07-31,2026-07-31T23:10:00,Arizona Diamondbacks,Cleveland Guardians,Progressive Field,824407,regular_season
2026-07-31,2026-07-31T22:10:00,Pittsburgh Pirates,Cincinnati Reds,Great American Ball Park,824486,regular_season
2026-07-31,2026-07-31T18:20:00,New York Yankees,Chicago Cubs,Wrigley Field,824651,regular_season
2026-07-31,2026-07-31T23:05:00,Philadelphia Phillies,Baltimore Orioles,Oriole Park at Camden Yards,824809,regular_season
2026-07-31,2026-07-31T23:15:00,Washington Nationals,Atlanta Braves,Truist Park,824892,regular_season
2026-07-31,2026-08-01T01:40:00,Detroit Tigers,Athletics,Sutter Health Park,824975,regular_season
2026-08-01,2026-08-01T19:07:00,St. Louis Cardinals,Toronto Blue Jays,Rogers Centre,822781,regular_season
2026-08-01,2026-08-01T20:10:00,Chicago White Sox,Tampa Bay Rays,Tropicana Field,822944,regular_season
2026-08-01,2026-08-01T20:10:00,Minnesota Twins,Seattle Mariners,T-Mobile Park,823109,regular_season
2026-08-01,2026-08-02T00:40:00,San Francisco Giants,San Diego Padres,Petco Park,823269,regular_season
2026-08-01,2026-08-01T20:10:00,Miami Marlins,New York Mets,Citi Field,823594,regular_season
2026-08-01,2026-08-02T01:10:00,Boston Red Sox,Los Angeles Dodgers,UNIQLO Field at Dodger Stadium,823920,regular_season
2026-08-01,2026-08-02T01:38:00,Milwaukee Brewers,Los Angeles Angels,Angel Stadium,824000,regular_season
2026-08-01,2026-08-01T23:10:00,Texas Rangers,Houston Astros,Daikin Park,824162,regular_season
2026-08-01,2026-08-02T00:10:00,Kansas City Royals,Colorado Rockies,Coors Field,824326,regular_season
2026-08-01,2026-08-01T23:15:00,Arizona Diamondbacks,Cleveland Guardians,Progressive Field,824405,regular_season
2026-08-01,2026-08-01T22:40:00,Pittsburgh Pirates,Cincinnati Reds,Great American Ball Park,824485,regular_season
2026-08-01,2026-08-01T23:15:00,New York Yankees,Chicago Cubs,Wrigley Field,824649,regular_season
2026-08-01,2026-08-01T23:05:00,Philadelphia Phillies,Baltimore Orioles,Oriole Park at Camden Yards,824808,regular_season
2026-08-01,2026-08-01T23:15:00,Washington Nationals,Atlanta Braves,Truist Park,824890,regular_season
2026-08-01,2026-08-02T01:40:00,Detroit Tigers,Athletics,Sutter Health Park,824972,regular_season
2026-08-02,2026-08-02T17:37:00,St. Louis Cardinals,Toronto Blue Jays,Rogers Centre,822783,regular_season
2026-08-02,2026-08-02T17:40:00,Chicago White Sox,Tampa Bay Rays,Tropicana Field,822943,regular_season
2026-08-02,2026-08-02T20:10:00,Minnesota Twins,Seattle Mariners,T-Mobile Park,823107,regular_season
2026-08-02,2026-08-02T20:10:00,San Francisco Giants,San Diego Padres,Petco Park,823270,regular_season
2026-08-02,2026-08-02T17:40:00,Miami Marlins,New York Mets,Citi Field,823592,regular_season
2026-08-02,2026-08-02T23:20:00,Boston Red Sox,Los Angeles Dodgers,UNIQLO Field at Dodger Stadium,823919,regular_season
2026-08-02,2026-08-02T19:15:00,Milwaukee Brewers,Los Angeles Angels,Angel Stadium,823996,regular_season
2026-08-02,2026-08-02T18:10:00,Texas Rangers,Houston Astros,Daikin Park,824163,regular_season
2026-08-02,2026-08-02T19:10:00,Kansas City Royals,Colorado Rockies,Coors Field,824323,regular_season
2026-08-02,2026-08-02T17:40:00,Arizona Diamondbacks,Cleveland Guardians,Progressive Field,824404,regular_season
2026-08-02,2026-08-02T17:40:00,Pittsburgh Pirates,Cincinnati Reds,Great American Ball Park,824483,regular_season
2026-08-02,2026-08-02T18:20:00,New York Yankees,Chicago Cubs,Wrigley Field,824648,regular_season
2026-08-02,2026-08-02T17:35:00,Philadelphia Phillies,Baltimore Orioles,Oriole Park at Camden Yards,824807,regular_season
2026-08-02,2026-08-02T17:35:00,Washington Nationals,Atlanta Braves,Truist Park,824891,regular_season
2026-08-02,2026-08-02T20:05:00,Detroit Tigers,Athletics,Sutter Health Park,824971,regular_season
2026-08-03,2026-08-04T00:05:00,San Francisco Giants,Texas Rangers,Globe Life Field,822867,regular_season
2026-08-03,2026-08-03T22:40:00,Washington Nationals,Philadelphia Phillies,Citizens Bank Park,823431,regular_season
2026-08-03,2026-08-03T23:05:00,St. Louis Cardinals,New York Yankees,Yankee Stadium,823520,regular_season
2026-08-03,2026-08-03T23:40:00,Pittsburgh Pirates,Milwaukee Brewers,American Family Field,823757,regular_season
2026-08-03,2026-08-04T00:10:00,Toronto Blue Jays,Houston Astros,Daikin Park,824160,regular_season
2026-08-03,2026-08-04T00:40:00,Tampa Bay Rays,Colorado Rockies,Coors Field,824324,regular_season
2026-08-03,2026-08-04T00:05:00,Los Angeles Dodgers,Chicago Cubs,Wrigley Field,824647,regular_season
2026-08-03,2026-08-04T01:40:00,San Diego Padres,Arizona Diamondbacks,Chase Field,825095,regular_season
2026-08-04,2026-08-05T00:05:00,San Francisco Giants,Texas Rangers,Globe Life Field,822865,regular_season
2026-08-04,2026-08-05T01:40:00,Detroit Tigers,Seattle Mariners,T-Mobile Park,823108,regular_season
2026-08-04,2026-08-04T22:40:00,Washington Nationals,Philadelphia Phillies,Citizens Bank Park,823432,regular_season
2026-08-04,2026-08-04T23:05:00,St. Louis Cardinals,New York Yankees,Yankee Stadium,823517,regular_season
2026-08-04,2026-08-04T23:40:00,Pittsburgh Pirates,Milwaukee Brewers,American Family Field,823756,regular_season
2026-08-04,2026-08-04T23:40:00,Minnesota Twins,Kansas City Royals,Kauffman Stadium,824084,regular_season
2026-08-04,2026-08-05T00:10:00,Toronto Blue Jays,Houston Astros,Daikin Park,824161,regular_season
2026-08-04,2026-08-05T00:40:00,Tampa Bay Rays,Colorado Rockies,Coors Field,824321,regular_season
2026-08-04,2026-08-04T22:40:00,New York Mets,Cleveland Guardians,Progressive Field,824403,regular_season
2026-08-04,2026-08-04T22:40:00,Athletics,Cincinnati Reds,Great American Ball Park,824484,regular_season
2026-08-04,2026-08-05T00:05:00,Los Angeles Dodgers,Chicago Cubs,Wrigley Field,824645,regular_season
2026-08-04,2026-08-04T23:10:00,Chicago White Sox,Boston Red Sox,Fenway Park,824731,regular_season
2026-08-04,2026-08-04T22:35:00,Los Angeles Angels,Baltimore Orioles,Oriole Park at Camden Yards,824805,regular_season
2026-08-04,2026-08-04T23:15:00,Miami Marlins,Atlanta Braves,Truist Park,824888,regular_season
2026-08-04,2026-08-05T01:40:00,San Diego Padres,Arizona Diamondbacks,Chase Field,825054,regular_season
2026-08-05,2026-08-05T18:35:00,San Francisco Giants,Texas Rangers,Globe Life Field,822866,regular_season
2026-08-05,2026-08-06T01:40:00,Detroit Tigers,Seattle Mariners,T-Mobile Park,823106,regular_season
2026-08-05,2026-08-05T22:40:00,Washington Nationals,Philadelphia Phillies,Citizens Bank Park,823429,regular_season
2026-08-05,2026-08-05T23:05:00,St. Louis Cardinals,New York Yankees,Yankee Stadium,823516,regular_season
2026-08-05,2026-08-05T23:40:00,Pittsburgh Pirates,Milwaukee Brewers,American Family Field,823753,regular_season
2026-08-05,2026-08-05T23:40:00,Minnesota Twins,Kansas City Royals,Kauffman Stadium,824082,regular_season
2026-08-05,2026-08-05T18:10:00,Toronto Blue Jays,Houston Astros,Daikin Park,824158,regular_season
2026-08-05,2026-08-05T19:10:00,Tampa Bay Rays,Colorado Rockies,Coors Field,824322,regular_season
2026-08-05,2026-08-05T22:40:00,New York Mets,Cleveland Guardians,Progressive Field,824402,regular_season
2026-08-05,2026-08-05T22:40:00,Athletics,Cincinnati Reds,Great American Ball Park,824482,regular_season
2026-08-05,2026-08-05T18:20:00,Los Angeles Dodgers,Chicago Cubs,Wrigley Field,824646,regular_season
2026-08-05,2026-08-05T23:10:00,Chicago White Sox,Boston Red Sox,Fenway Park,824728,regular_season
2026-08-05,2026-08-05T22:35:00,Los Angeles Angels,Baltimore Orioles,Oriole Park at Camden Yards,824806,regular_season
2026-08-05,2026-08-05T23:15:00,Miami Marlins,Atlanta Braves,Truist Park,824889,regular_season
2026-08-05,2026-08-06T01:40:00,San Diego Padres,Arizona Diamondbacks,Chase Field,825052,regular_season
2026-08-06,2026-08-06T20:10:00,Detroit Tigers,Seattle Mariners,T-Mobile Park,823105,regular_season
2026-08-06,2026-08-06T22:05:00,Washington Nationals,Philadelphia Phillies,Citizens Bank Park,823430,regular_season
2026-08-06,2026-08-06T18:10:00,Pittsburgh Pirates,Milwaukee Brewers,American Family Field,823754,regular_season
2026-08-06,2026-08-06T23:40:00,Minnesota Twins,Kansas City Royals,Kauffman Stadium,824080,regular_season
2026-08-06,2026-08-06T17:10:00,New York Mets,Cleveland Guardians,Progressive Field,824401,regular_season
2026-08-06,2026-08-06T16:40:00,Athletics,Cincinnati Reds,Great American Ball Park,824481,regular_season
2026-08-06,2026-08-06T23:10:00,Chicago White Sox,Boston Red Sox,Fenway Park,824729,regular_season
2026-08-06,2026-08-06T16:35:00,Los Angeles Angels,Baltimore Orioles,Oriole Park at Camden Yards,824804,regular_season
2026-08-06,2026-08-06T23:15:00,Miami Marlins,Atlanta Braves,Truist Park,824885,regular_season
2026-08-06,2026-08-07T01:40:00,San Diego Padres,Arizona Diamondbacks,Chase Field,825053,regular_season
2026-08-07,2026-08-07T22:45:00,Cincinnati Reds,Washington Nationals,Nationals Park,822699,regular_season
2026-08-07,2026-08-08T00:05:00,Baltimore Orioles,Texas Rangers,Globe Life Field,822863,regular_season
2026-08-07,2026-08-08T00:15:00,Colorado Rockies,St. Louis Cardinals,Busch Stadium,823024,regular_season
2026-08-07,2026-08-08T02:10:00,Tampa Bay Rays,Seattle Mariners,T-Mobile Park,823103,regular_season
2026-08-07,2026-08-08T02:15:00,Detroit Tigers,San Francisco Giants,Oracle Park,823191,regular_season
2026-08-07,2026-08-08T01:40:00,Houston Astros,San Diego Padres,Petco Park,823266,regular_season
2026-08-07,2026-08-07T22:40:00,New York Mets,Pittsburgh Pirates,PNC Park,823349,regular_season
2026-08-07,2026-08-07T22:40:00,Toronto Blue Jays,Philadelphia Phillies,Citizens Bank Park,823428,regular_season
2026-08-07,2026-08-07T23:05:00,Atlanta Braves,New York Yankees,Yankee Stadium,823515,regular_season
2026-08-07,2026-08-07T23:40:00,Minnesota Twins,Milwaukee Brewers,American Family Field,823750,regular_season
2026-08-07,2026-08-07T23:10:00,Los Angeles Angels,Miami Marlins,loanDepot park,823836,regular_season
2026-08-07,2026-08-08T00:10:00,Chicago Cubs,Kansas City Royals,Kauffman Stadium,824081,regular_season
2026-08-07,2026-08-07T23:40:00,Cleveland Guardians,Chicago White Sox,Rate Field,824566,regular_season
2026-08-07,2026-08-07T23:10:00,Athletics,Boston Red Sox,Fenway Park,824727,regular_season
2026-08-07,2026-08-08T01:40:00,Los Angeles Dodgers,Arizona Diamondbacks,Chase Field,825051,regular_season
2026-08-08,2026-08-08T22:45:00,Cincinnati Reds,Washington Nationals,Nationals Park,822701,regular_season
2026-08-08,2026-08-08T23:15:00,Baltimore Orioles,Texas Rangers,Globe Life Field,822864,regular_season
2026-08-08,2026-08-08T23:15:00,Colorado Rockies,St. Louis Cardinals,Busch Stadium,823021,regular_season
2026-08-08,2026-08-09T01:50:00,Tampa Bay Rays,Seattle Mariners,T-Mobile Park,823102,regular_season
2026-08-08,2026-08-08T23:15:00,Detroit Tigers,San Francisco Giants,Oracle Park,823188,regular_season
2026-08-08,2026-08-08T23:15:00,Houston Astros,San Diego Padres,Petco Park,823267,regular_season
2026-08-08,2026-08-08T22:40:00,New York Mets,Pittsburgh Pirates,PNC Park,823348,regular_season
2026-08-08,2026-08-08T22:05:00,Toronto Blue Jays,Philadelphia Phillies,Citizens Bank Park,823426,regular_season
2026-08-08,2026-08-08T19:05:00,Atlanta Braves,New York Yankees,Yankee Stadium,823514,regular_season
2026-08-08,2026-08-08T23:10:00,Minnesota Twins,Milwaukee Brewers,American Family Field,823752,regular_season
2026-08-08,2026-08-08T20:10:00,Los Angeles Angels,Miami Marlins,loanDepot park,823834,regular_season
2026-08-08,2026-08-08T23:10:00,Chicago Cubs,Kansas City Royals,Kauffman Stadium,824079,regular_season
2026-08-08,2026-08-08T23:10:00,Cleveland Guardians,Chicago White Sox,Rate Field,824565,regular_season
2026-08-08,2026-08-08T20:10:00,Athletics,Boston Red Sox,Fenway Park,824726,regular_season
2026-08-08,2026-08-09T00:10:00,Los Angeles Dodgers,Arizona Diamondbacks,Chase Field,825049,regular_season
2026-08-09,2026-08-09T16:15:00,Cincinnati Reds,Washington Nationals,Nationals Park,822700,regular_season
2026-08-09,2026-08-09T18:35:00,Baltimore Orioles,Texas Rangers,Globe Life Field,822862,regular_season
2026-08-09,2026-08-09T18:15:00,Colorado Rockies,St. Louis Cardinals,Busch Stadium,823020,regular_season
2026-08-09,2026-08-09T20:10:00,Tampa Bay Rays,Seattle Mariners,T-Mobile Park,823104,regular_season
2026-08-09,2026-08-09T20:05:00,Detroit Tigers,San Francisco Giants,Oracle Park,823190,regular_season
2026-08-09,2026-08-10T00:20:00,Houston Astros,San Diego Padres,Petco Park,823268,regular_season
2026-08-09,2026-08-09T17:35:00,New York Mets,Pittsburgh Pirates,PNC Park,823345,regular_season
2026-08-09,2026-08-09T17:35:00,Toronto Blue Jays,Philadelphia Phillies,Citizens Bank Park,823425,regular_season
2026-08-09,2026-08-09T17:35:00,Atlanta Braves,New York Yankees,Yankee Stadium,823513,regular_season
2026-08-09,2026-08-09T18:10:00,Minnesota Twins,Milwaukee Brewers,American Family Field,823751,regular_season
2026-08-09,2026-08-09T17:40:00,Los Angeles Angels,Miami Marlins,loanDepot park,823835,regular_season
2026-08-09,2026-08-09T18:10:00,Chicago Cubs,Kansas City Royals,Kauffman Stadium,824078,regular_season
2026-08-09,2026-08-09T18:10:00,Cleveland Guardians,Chicago White Sox,Rate Field,824564,regular_season
2026-08-09,2026-08-09T17:35:00,Athletics,Boston Red Sox,Fenway Park,824724,regular_season
2026-08-09,2026-08-09T20:10:00,Los Angeles Dodgers,Arizona Diamondbacks,Chase Field,825050,regular_season
2026-08-10,2026-08-10T23:07:00,Boston Red Sox,Toronto Blue Jays,Rogers Centre,822780,regular_season
2026-08-10,2026-08-10T23:45:00,Philadelphia Phillies,St. Louis Cardinals,Busch Stadium,823018,regular_season
2026-08-10,2026-08-11T01:45:00,Houston Astros,San Francisco Giants,Oracle Park,823189,regular_season
2026-08-10,2026-08-11T01:40:00,Milwaukee Brewers,San Diego Padres,Petco Park,823265,regular_season
2026-08-10,2026-08-10T23:40:00,Baltimore Orioles,Minnesota Twins,Target Field,823675,regular_season
2026-08-10,2026-08-11T02:10:00,Kansas City Royals,Los Angeles Dodgers,UNIQLO Field at Dodger Stadium,823918,regular_season
2026-08-10,2026-08-11T01:38:00,Texas Rangers,Los Angeles Angels,Angel Stadium,823998,regular_season
2026-08-10,2026-08-10T23:15:00,New York Mets,Atlanta Braves,Truist Park,824887,regular_season
2026-08-10,2026-08-11T01:40:00,Tampa Bay Rays,Athletics,Sutter Health Park,824969,regular_season
2026-08-10,2026-08-11T01:40:00,Colorado Rockies,Arizona Diamondbacks,Chase Field,825048,regular_season
2026-08-11,2026-08-11T22:45:00,Chicago Cubs,Washington Nationals,Nationals Park,822697,regular_season
2026-08-11,2026-08-11T23:07:00,Boston Red Sox,Toronto Blue Jays,Rogers Centre,822778,regular_season
2026-08-11,2026-08-11T23:45:00,Philadelphia Phillies,St. Louis Cardinals,Busch Stadium,823019,regular_season
2026-08-11,2026-08-12T01:45:00,Houston Astros,San Francisco Giants,Oracle Park,823186,regular_season
2026-08-11,2026-08-12T01:40:00,Milwaukee Brewers,San Diego Padres,Petco Park,823264,regular_season
2026-08-11,2026-08-11T23:05:00,Seattle Mariners,New York Yankees,Yankee Stadium,823512,regular_season
2026-08-11,2026-08-11T23:40:00,Baltimore Orioles,Minnesota Twins,Target Field,823673,regular_season
2026-08-11,2026-08-11T22:40:00,Pittsburgh Pirates,Miami Marlins,loanDepot park,823832,regular_season
2026-08-11,2026-08-12T02:10:00,Kansas City Royals,Los Angeles Dodgers,UNIQLO Field at Dodger Stadium,823917,regular_season
2026-08-11,2026-08-12T01:38:00,Texas Rangers,Los Angeles Angels,Angel Stadium,823997,regular_season
2026-08-11,2026-08-11T22:40:00,Cleveland Guardians,Detroit Tigers,Comerica Park,824240,regular_season
2026-08-11,2026-08-11T23:40:00,Cincinnati Reds,Chicago White Sox,Rate Field,824563,regular_season
2026-08-11,2026-08-11T23:15:00,New York Mets,Atlanta Braves,Truist Park,824886,regular_season
2026-08-11,2026-08-12T01:40:00,Tampa Bay Rays,Athletics,Sutter Health Park,824970,regular_season
2026-08-11,2026-08-12T01:40:00,Colorado Rockies,Arizona Diamondbacks,Chase Field,825046,regular_season
2026-08-12,2026-08-12T22:45:00,Chicago Cubs,Washington Nationals,Nationals Park,822698,regular_season
2026-08-12,2026-08-12T23:07:00,Boston Red Sox,Toronto Blue Jays,Rogers Centre,822779,regular_season
2026-08-12,2026-08-12T18:15:00,Philadelphia Phillies,St. Louis Cardinals,Busch Stadium,823017,regular_season
2026-08-12,2026-08-12T19:45:00,Houston Astros,San Francisco Giants,Oracle Park,823187,regular_season
2026-08-12,2026-08-12T20:10:00,Milwaukee Brewers,San Diego Padres,Petco Park,823263,regular_season
2026-08-12,2026-08-12T23:05:00,Seattle Mariners,New York Yankees,Yankee Stadium,823511,regular_season
2026-08-12,2026-08-12T17:40:00,Baltimore Orioles,Minnesota Twins,Target Field,823672,regular_season
2026-08-12,2026-08-12T22:40:00,Pittsburgh Pirates,Miami Marlins,loanDepot park,823833,regular_season
2026-08-12,2026-08-13T02:10:00,Kansas City Royals,Los Angeles Dodgers,UNIQLO Field at Dodger Stadium,823916,regular_season
2026-08-12,2026-08-13T02:10:00,Texas Rangers,Los Angeles Angels,Angel Stadium,823994,regular_season
2026-08-12,2026-08-12T22:40:00,Cleveland Guardians,Detroit Tigers,Comerica Park,824241,regular_season
2026-08-12,2026-08-12T23:40:00,Cincinnati Reds,Chicago White Sox,Rate Field,824562,regular_season
2026-08-12,2026-08-12T23:15:00,New York Mets,Atlanta Braves,Truist Park,824883,regular_season
2026-08-12,2026-08-12T19:05:00,Tampa Bay Rays,Athletics,Sutter Health Park,824967,regular_season
2026-08-12,2026-08-12T19:40:00,Colorado Rockies,Arizona Diamondbacks,Chase Field,825047,regular_season
2026-08-13,2026-08-13T20:05:00,Chicago Cubs,Washington Nationals,Nationals Park,822696,regular_season
2026-08-13,2026-08-13T19:07:00,Boston Red Sox,Toronto Blue Jays,Rogers Centre,822776,regular_season
2026-08-13,2026-08-13T17:35:00,Seattle Mariners,New York Yankees,Yankee Stadium,823508,regular_season
2026-08-13,2026-08-13T23:30:00,Philadelphia Phillies,Minnesota Twins,Field of Dreams,823669,regular_season
2026-08-13,2026-08-13T17:10:00,Pittsburgh Pirates,Miami Marlins,loanDepot park,823829,regular_season
2026-08-13,2026-08-14T02:10:00,Milwaukee Brewers,Los Angeles Dodgers,UNIQLO Field at Dodger Stadium,823915,regular_season
2026-08-13,2026-08-14T02:07:00,Texas Rangers,Los Angeles Angels,Angel Stadium,823995,regular_season
2026-08-13,2026-08-13T17:10:00,Cleveland Guardians,Detroit Tigers,Comerica Park,824238,regular_season
2026-08-13,2026-08-13T18:10:00,Cincinnati Reds,Chicago White Sox,Rate Field,824561,regular_season
2026-08-14,2026-08-14T23:07:00,New York Yankees,Toronto Blue Jays,Rogers Centre,822777,regular_season
2026-08-14,2026-08-14T23:10:00,Baltimore Orioles,Tampa Bay Rays,Tropicana Field,822942,regular_season
2026-08-14,2026-08-15T02:15:00,Colorado Rockies,San Francisco Giants,Oracle Park,823185,regular_season
2026-08-14,2026-08-14T22:40:00,Boston Red Sox,Pittsburgh Pirates,PNC Park,823346,regular_season
2026-08-14,2026-08-14T23:10:00,Washington Nationals,New York Mets,Citi Field,823591,regular_season
2026-08-14,2026-08-15T02:10:00,Milwaukee Brewers,Los Angeles Dodgers,UNIQLO Field at Dodger Stadium,823913,regular_season
2026-08-14,2026-08-15T01:38:00,Kansas City Royals,Los Angeles Angels,Angel Stadium,823993,regular_season
2026-08-14,2026-08-15T00:10:00,Seattle Mariners,Houston Astros,Daikin Park,824159,regular_season
2026-08-14,2026-08-14T22:40:00,Chicago White Sox,Detroit Tigers,Comerica Park,824237,regular_season
2026-08-14,2026-08-14T23:10:00,San Diego Padres,Cleveland Guardians,Progressive Field,824399,regular_season
2026-08-14,2026-08-14T22:10:00,Miami Marlins,Cincinnati Reds,Great American Ball Park,824479,regular_season
2026-08-14,2026-08-14T18:20:00,St. Louis Cardinals,Chicago Cubs,Wrigley Field,824643,regular_season
2026-08-14,2026-08-14T23:15:00,Arizona Diamondbacks,Atlanta Braves,Truist Park,824882,regular_season
2026-08-14,2026-08-15T01:40:00,Texas Rangers,Athletics,Sutter Health Park,824968,regular_season
2026-08-15,2026-08-15T19:07:00,New York Yankees,Toronto Blue Jays,Rogers Centre,822775,regular_season
2026-08-15,2026-08-15T22:10:00,Baltimore Orioles,Tampa Bay Rays,Tropicana Field,822941,regular_season
2026-08-15,2026-08-15T20:05:00,Colorado Rockies,San Francisco Giants,Oracle Park,823184,regular_season
2026-08-15,2026-08-15T22:40:00,Boston Red Sox,Pittsburgh Pirates,PNC Park,823347,regular_season
2026-08-15,2026-08-15T20:10:00,Washington Nationals,New York Mets,Citi Field,823588,regular_season
2026-08-15,2026-08-15T23:10:00,Philadelphia Phillies,Minnesota Twins,Target Field,823671,regular_season
2026-08-15,2026-08-15T23:15:00,Milwaukee Brewers,Los Angeles Dodgers,UNIQLO Field at Dodger Stadium,823914,regular_season
2026-08-15,2026-08-16T01:38:00,Kansas City Royals,Los Angeles Angels,Angel Stadium,823990,regular_season
2026-08-15,2026-08-15T23:10:00,Seattle Mariners,Houston Astros,Daikin Park,824157,regular_season
2026-08-15,2026-08-15T17:10:00,Chicago White Sox,Detroit Tigers,Comerica Park,824239,regular_season
2026-08-15,2026-08-15T23:10:00,San Diego Padres,Cleveland Guardians,Progressive Field,824400,regular_season
2026-08-15,2026-08-15T22:40:00,Miami Marlins,Cincinnati Reds,Great American Ball Park,824480,regular_season
2026-08-15,2026-08-15T18:20:00,St. Louis Cardinals,Chicago Cubs,Wrigley Field,824644,regular_season
2026-08-15,2026-08-15T23:15:00,Arizona Diamondbacks,Atlanta Braves,Truist Park,824884,regular_season
2026-08-15,2026-08-16T01:40:00,Texas Rangers,Athletics,Sutter Health Park,824966,regular_season
2026-08-16,2026-08-16T17:37:00,New York Yankees,Toronto Blue Jays,Rogers Centre,822774,regular_season
2026-08-16,2026-08-16T16:15:00,Baltimore Orioles,Tampa Bay Rays,Tropicana Field,822940,regular_season
2026-08-16,2026-08-16T20:05:00,Colorado Rockies,San Francisco Giants,Oracle Park,823182,regular_season
2026-08-16,2026-08-16T17:35:00,Boston Red Sox,Pittsburgh Pirates,PNC Park,823344,regular_season
2026-08-16,2026-08-16T17:40:00,Washington Nationals,New York Mets,Citi Field,823590,regular_season
2026-08-16,2026-08-16T18:10:00,Philadelphia Phillies,Minnesota Twins,Target Field,823670,regular_season
2026-08-16,2026-08-16T20:10:00,Milwaukee Brewers,Los Angeles Dodgers,UNIQLO Field at Dodger Stadium,823912,regular_season
2026-08-16,2026-08-16T20:07:00,Kansas City Royals,Los Angeles Angels,Angel Stadium,823991,regular_season
2026-08-16,2026-08-16T23:20:00,Seattle Mariners,Houston Astros,Daikin Park,824156,regular_season
2026-08-16,2026-08-16T17:40:00,Chicago White Sox,Detroit Tigers,Comerica Park,824236,regular_season
2026-08-16,2026-08-16T17:40:00,San Diego Padres,Cleveland Guardians,Progressive Field,824397,regular_season
2026-08-16,2026-08-16T17:40:00,Miami Marlins,Cincinnati Reds,Great American Ball Park,824477,regular_season
2026-08-16,2026-08-16T19:10:00,St. Louis Cardinals,Chicago Cubs,Wrigley Field,824642,regular_season
2026-08-16,2026-08-16T17:35:00,Arizona Diamondbacks,Atlanta Braves,Truist Park,824880,regular_season
2026-08-16,2026-08-16T20:05:00,Texas Rangers,Athletics,Sutter Health Park,824965,regular_season
2026-08-17,2026-08-17T22:40:00,Baltimore Orioles,Tampa Bay Rays,Tropicana Field,822939,regular_season
2026-08-17,2026-08-17T23:05:00,Detroit Tigers,Pittsburgh Pirates,PNC Park,823343,regular_season
2026-08-17,2026-08-17T22:40:00,Miami Marlins,Philadelphia Phillies,Citizens Bank Park,823427,regular_season
2026-08-17,2026-08-17T23:10:00,San Diego Padres,New York Mets,Citi Field,823589,regular_season
2026-08-17,2026-08-17T23:40:00,Atlanta Braves,Minnesota Twins,Target Field,823668,regular_season
2026-08-17,2026-08-17T23:40:00,Athletics,Kansas City Royals,Kauffman Stadium,824077,regular_season
2026-08-17,2026-08-18T00:40:00,Los Angeles Dodgers,Colorado Rockies,Coors Field,824320,regular_season
2026-08-17,2026-08-17T22:40:00,St. Louis Cardinals,Cincinnati Reds,Great American Ball Park,824478,regular_season
2026-08-17,2026-05-24T17:40:00,St. Louis Cardinals,Cincinnati Reds,Great American Ball Park,824514,regular_season
2026-08-17,2026-08-17T17:40:00,St. Louis Cardinals,Cincinnati Reds,Great American Ball Park,824514,regular_season
2026-08-17,2026-08-18T00:05:00,Chicago White Sox,Chicago Cubs,Wrigley Field,824641,regular_season
2026-08-17,2026-08-17T23:10:00,Arizona Diamondbacks,Boston Red Sox,Fenway Park,824725,regular_season
2026-08-18,2026-08-19T00:05:00,Washington Nationals,Texas Rangers,Globe Life Field,822859,regular_season
2026-08-18,2026-08-18T22:40:00,Toronto Blue Jays,Tampa Bay Rays,Tropicana Field,822938,regular_season
2026-08-18,2026-08-18T22:40:00,Detroit Tigers,Pittsburgh Pirates,PNC Park,823341,regular_season
2026-08-18,2026-08-18T22:40:00,Miami Marlins,Philadelphia Phillies,Citizens Bank Park,823423,regular_season
2026-08-18,2026-08-18T23:10:00,San Diego Padres,New York Mets,Citi Field,823586,regular_season
2026-08-18,2026-08-18T23:40:00,Atlanta Braves,Minnesota Twins,Target Field,823667,regular_season
2026-08-18,2026-08-18T23:40:00,Seattle Mariners,Milwaukee Brewers,American Family Field,823749,regular_season
2026-08-18,2026-08-18T23:40:00,Athletics,Kansas City Royals,Kauffman Stadium,824075,regular_season
2026-08-18,2026-08-19T00:10:00,Los Angeles Angels,Houston Astros,Daikin Park,824154,regular_season
2026-08-18,2026-08-19T00:40:00,Los Angeles Dodgers,Colorado Rockies,Coors Field,824319,regular_season
2026-08-18,2026-08-18T22:40:00,San Francisco Giants,Cleveland Guardians,Progressive Field,824398,regular_season
2026-08-18,2026-08-18T22:40:00,St. Louis Cardinals,Cincinnati Reds,Great American Ball Park,824475,regular_season
2026-08-18,2026-08-19T00:05:00,Chicago White Sox,Chicago Cubs,Wrigley Field,824639,regular_season
2026-08-18,2026-08-18T23:10:00,Arizona Diamondbacks,Boston Red Sox,Fenway Park,824723,regular_season
2026-08-18,2026-08-18T22:35:00,New York Yankees,Baltimore Orioles,Oriole Park at Camden Yards,824803,regular_season
2026-08-19,2026-08-20T00:05:00,Washington Nationals,Texas Rangers,Globe Life Field,822860,regular_season
2026-08-19,2026-08-19T22:40:00,Toronto Blue Jays,Tampa Bay Rays,Tropicana Field,822937,regular_season
2026-08-19,2026-08-19T16:35:00,Detroit Tigers,Pittsburgh Pirates,PNC Park,823342,regular_season
2026-08-19,2026-08-19T22:05:00,Miami Marlins,Philadelphia Phillies,Citizens Bank Park,823424,regular_season
2026-08-19,2026-08-19T17:10:00,San Diego Padres,New York Mets,Citi Field,823587,regular_season
2026-08-19,2026-08-19T17:40:00,Atlanta Braves,Minnesota Twins,Target Field,823664,regular_season
2026-08-19,2026-08-19T23:40:00,Seattle Mariners,Milwaukee Brewers,American Family Field,823748,regular_season
2026-08-19,2026-08-19T23:40:00,Athletics,Kansas City Royals,Kauffman Stadium,824076,regular_season
2026-08-19,2026-08-20T00:10:00,Los Angeles Angels,Houston Astros,Daikin Park,824155,regular_season
2026-08-19,2026-08-20T00:40:00,Los Angeles Dodgers,Colorado Rockies,Coors Field,824318,regular_season
2026-08-19,2026-08-19T22:40:00,San Francisco Giants,Cleveland Guardians,Progressive Field,824394,regular_season
2026-08-19,2026-08-19T22:40:00,St. Louis Cardinals,Cincinnati Reds,Great American Ball Park,824476,regular_season
2026-08-19,2026-08-19T18:20:00,Chicago White Sox,Chicago Cubs,Wrigley Field,824640,regular_season
2026-08-19,2026-08-19T20:10:00,Arizona Diamondbacks,Boston Red Sox,Fenway Park,824722,regular_season
2026-08-19,2026-08-19T22:35:00,New York Yankees,Baltimore Orioles,Oriole Park at Camden Yards,824801,regular_season
2026-08-20,2026-08-21T00:05:00,Washington Nationals,Texas Rangers,Globe Life Field,822861,regular_season
2026-08-20,2026-08-20T17:10:00,Toronto Blue Jays,Tampa Bay Rays,Tropicana Field,822934,regular_season
2026-08-20,2026-08-20T18:10:00,Seattle Mariners,Milwaukee Brewers,American Family Field,823747,regular_season
2026-08-20,2026-08-20T18:10:00,Athletics,Kansas City Royals,Kauffman Stadium,824074,regular_season
2026-08-20,2026-08-21T00:10:00,Los Angeles Angels,Houston Astros,Daikin Park,824153,regular_season
2026-08-20,2026-08-20T17:10:00,San Francisco Giants,Cleveland Guardians,Progressive Field,824395,regular_season
2026-08-20,2026-08-20T16:40:00,St. Louis Cardinals,Cincinnati Reds,Great American Ball Park,824474,regular_season
2026-08-20,2026-08-20T22:35:00,New York Yankees,Baltimore Orioles,Oriole Park at Camden Yards,824802,regular_season
2026-08-21,2026-08-22T00:05:00,Los Angeles Angels,Texas Rangers,Globe Life Field,822857,regular_season
2026-08-21,2026-08-22T02:10:00,Chicago Cubs,Seattle Mariners,T-Mobile Park,823101,regular_season
2026-08-21,2026-08-22T01:40:00,Minnesota Twins,San Diego Padres,Petco Park,823262,regular_season
2026-08-21,2026-08-21T22:40:00,St. Louis Cardinals,Philadelphia Phillies,Citizens Bank Park,823420,regular_season
2026-08-21,2026-08-21T23:05:00,Toronto Blue Jays,New York Yankees,Yankee Stadium,823510,regular_season
2026-08-21,2026-08-21T20:10:00,Atlanta Braves,Milwaukee Brewers,American Family Field,823746,regular_season
2026-08-21,2026-08-21T23:10:00,Washington Nationals,Miami Marlins,loanDepot park,823830,regular_season
2026-08-21,2026-08-22T02:10:00,Pittsburgh Pirates,Los Angeles Dodgers,UNIQLO Field at Dodger Stadium,823911,regular_season
2026-08-21,2026-08-22T00:10:00,Detroit Tigers,Kansas City Royals,Kauffman Stadium,824072,regular_season
2026-08-21,2026-08-22T00:10:00,Athletics,Houston Astros,Daikin Park,824152,regular_season
2026-08-21,2026-08-22T00:40:00,Cleveland Guardians,Colorado Rockies,Coors Field,824317,regular_season
2026-08-21,2026-08-21T23:40:00,New York Mets,Chicago White Sox,Rate Field,824559,regular_season
2026-08-21,2026-08-21T23:10:00,San Francisco Giants,Boston Red Sox,Fenway Park,824721,regular_season
2026-08-21,2026-08-21T23:05:00,Tampa Bay Rays,Baltimore Orioles,Oriole Park at Camden Yards,824800,regular_season
2026-08-21,2026-08-22T01:40:00,Cincinnati Reds,Arizona Diamondbacks,Chase Field,825045,regular_season
2026-08-22,2026-08-22T23:05:00,Los Angeles Angels,Texas Rangers,Globe Life Field,822858,regular_season
2026-08-22,2026-08-22T23:15:00,Chicago Cubs,Seattle Mariners,T-Mobile Park,823100,regular_season
2026-08-22,2026-08-23T00:40:00,Minnesota Twins,San Diego Padres,Petco Park,823261,regular_season
2026-08-22,2026-08-22T22:05:00,St. Louis Cardinals,Philadelphia Phillies,Citizens Bank Park,823422,regular_season
2026-08-22,2026-08-22T17:35:00,Toronto Blue Jays,New York Yankees,Yankee Stadium,823509,regular_season
2026-08-22,2026-08-22T18:10:00,Atlanta Braves,Milwaukee Brewers,American Family Field,823743,regular_season
2026-08-22,2026-08-22T20:10:00,Washington Nationals,Miami Marlins,loanDepot park,823831,regular_season
2026-08-22,2026-08-23T01:10:00,Pittsburgh Pirates,Los Angeles Dodgers,UNIQLO Field at Dodger Stadium,823910,regular_season
2026-08-22,2026-08-22T23:15:00,Detroit Tigers,Kansas City Royals,Kauffman Stadium,824073,regular_season
2026-08-22,2026-08-22T23:10:00,Athletics,Houston Astros,Daikin Park,824151,regular_season
2026-08-22,2026-08-23T00:10:00,Cleveland Guardians,Colorado Rockies,Coors Field,824316,regular_season
2026-08-22,2026-08-22T23:10:00,New York Mets,Chicago White Sox,Rate Field,824560,regular_season
2026-08-22,2026-08-22T23:15:00,San Francisco Giants,Boston Red Sox,Fenway Park,824718,regular_season
2026-08-22,2026-08-22T23:05:00,Tampa Bay Rays,Baltimore Orioles,Oriole Park at Camden Yards,824798,regular_season
2026-08-22,2026-08-23T00:10:00,Cincinnati Reds,Arizona Diamondbacks,Chase Field,825044,regular_season
2026-08-23,2026-08-23T18:35:00,Los Angeles Angels,Texas Rangers,Globe Life Field,822856,regular_season
2026-08-23,2026-08-23T20:10:00,Chicago Cubs,Seattle Mariners,T-Mobile Park,823099,regular_season
2026-08-23,2026-08-23T20:10:00,Minnesota Twins,San Diego Padres,Petco Park,823258,regular_season
2026-08-23,2026-08-23T17:35:00,St. Louis Cardinals,Philadelphia Phillies,Citizens Bank Park,823421,regular_season
2026-08-23,2026-08-23T17:35:00,Toronto Blue Jays,New York Yankees,Yankee Stadium,823507,regular_season
2026-08-23,2026-08-23T23:10:00,Atlanta Braves,Milwaukee Brewers,Journey Bank Ballpark,823745,regular_season
2026-08-23,2026-08-23T17:40:00,Washington Nationals,Miami Marlins,loanDepot park,823827,regular_season
2026-08-23,2026-08-23T20:10:00,Pittsburgh Pirates,Los Angeles Dodgers,UNIQLO Field at Dodger Stadium,823909,regular_season
2026-08-23,2026-08-23T18:10:00,Detroit Tigers,Kansas City Royals,Kauffman Stadium,824071,regular_season
2026-08-23,2026-08-23T18:10:00,Athletics,Houston Astros,Daikin Park,824150,regular_season
2026-08-23,2026-08-23T19:10:00,Cleveland Guardians,Colorado Rockies,Coors Field,824315,regular_season
2026-08-23,2026-08-23T18:10:00,New York Mets,Chicago White Sox,Rate Field,824558,regular_season
2026-08-23,2026-08-23T19:10:00,San Francisco Giants,Boston Red Sox,Fenway Park,824720,regular_season
2026-08-23,2026-08-23T17:35:00,Tampa Bay Rays,Baltimore Orioles,Oriole Park at Camden Yards,824799,regular_season
2026-08-23,2026-08-23T20:15:00,Cincinnati Reds,Arizona Diamondbacks,Chase Field,825043,regular_season
2026-08-24,2026-08-24T22:45:00,Colorado Rockies,Washington Nationals,Nationals Park,822695,regular_season
2026-08-24,2026-08-25T01:40:00,Philadelphia Phillies,Seattle Mariners,T-Mobile Park,823097,regular_season
2026-08-24,2026-08-25T01:45:00,Cincinnati Reds,San Francisco Giants,Oracle Park,823183,regular_season
2026-08-24,2026-08-25T01:40:00,Pittsburgh Pirates,San Diego Padres,Petco Park,823260,regular_season
2026-08-24,2026-08-24T22:40:00,Boston Red Sox,Miami Marlins,loanDepot park,823828,regular_season
2026-08-24,2026-08-25T01:38:00,Cleveland Guardians,Los Angeles Angels,Angel Stadium,823992,regular_season
2026-08-24,2026-08-24T22:40:00,Tampa Bay Rays,Detroit Tigers,Comerica Park,824235,regular_season
2026-08-24,2026-08-24T23:40:00,Texas Rangers,Chicago White Sox,Rate Field,824557,regular_season
2026-08-24,2026-08-25T01:40:00,Minnesota Twins,Athletics,Sutter Health Park,824964,regular_season
2026-08-24,2026-08-25T01:40:00,Chicago Cubs,Arizona Diamondbacks,Chase Field,825041,regular_season
2026-08-25,2026-08-25T22:45:00,Colorado Rockies,Washington Nationals,Nationals Park,822693,regular_season
2026-08-25,2026-08-25T23:07:00,Kansas City Royals,Toronto Blue Jays,Rogers Centre,822773,regular_season
2026-08-25,2026-08-25T23:45:00,Baltimore Orioles,St. Louis Cardinals,Busch Stadium,823016,regular_season
2026-08-25,2026-08-26T01:40:00,Philadelphia Phillies,Seattle Mariners,T-Mobile Park,823098,regular_season
2026-08-25,2026-08-26T01:45:00,Cincinnati Reds,San Francisco Giants,Oracle Park,823181,regular_season
2026-08-25,2026-08-26T01:40:00,Pittsburgh Pirates,San Diego Padres,Petco Park,823259,regular_season
2026-08-25,2026-08-25T23:05:00,Houston Astros,New York Yankees,Yankee Stadium,823505,regular_season
2026-08-25,2026-08-25T23:10:00,Milwaukee Brewers,New York Mets,Citi Field,823585,regular_season
2026-08-25,2026-08-25T22:40:00,Boston Red Sox,Miami Marlins,loanDepot park,823826,regular_season
2026-08-25,2026-08-26T01:38:00,Cleveland Guardians,Los Angeles Angels,Angel Stadium,823989,regular_season
2026-08-25,2026-08-25T22:40:00,Tampa Bay Rays,Detroit Tigers,Comerica Park,824233,regular_season
2026-08-25,2026-08-25T23:40:00,Texas Rangers,Chicago White Sox,Rate Field,824556,regular_season
2026-08-25,2026-08-25T23:15:00,Los Angeles Dodgers,Atlanta Braves,Truist Park,824881,regular_season
2026-08-25,2026-08-26T01:40:00,Minnesota Twins,Athletics,Sutter Health Park,824962,regular_season
2026-08-25,2026-08-26T01:40:00,Chicago Cubs,Arizona Diamondbacks,Chase Field,825042,regular_season
2026-08-26,2026-08-26T22:45:00,Colorado Rockies,Washington Nationals,Nationals Park,822692,regular_season
2026-08-26,2026-08-26T23:07:00,Kansas City Royals,Toronto Blue Jays,Rogers Centre,822772,regular_season
2026-08-26,2026-08-26T23:45:00,Baltimore Orioles,St. Louis Cardinals,Busch Stadium,823015,regular_season
2026-08-26,2026-08-26T20:10:00,Philadelphia Phillies,Seattle Mariners,T-Mobile Park,823096,regular_season
2026-08-26,2026-08-26T19:45:00,Cincinnati Reds,San Francisco Giants,Oracle Park,823180,regular_season
2026-08-26,2026-08-26T20:10:00,Pittsburgh Pirates,San Diego Padres,Petco Park,823255,regular_season
2026-08-26,2026-08-26T23:05:00,Houston Astros,New York Yankees,Yankee Stadium,823506,regular_season
2026-08-26,2026-08-26T23:10:00,Milwaukee Brewers,New York Mets,Citi Field,823584,regular_season
2026-08-26,2026-08-26T22:40:00,Boston Red Sox,Miami Marlins,loanDepot park,823825,regular_season
2026-08-26,2026-08-26T20:07:00,Cleveland Guardians,Los Angeles Angels,Angel Stadium,823988,regular_season
2026-08-26,2026-08-26T17:10:00,Tampa Bay Rays,Detroit Tigers,Comerica Park,824234,regular_season
2026-08-26,2026-08-26T23:40:00,Texas Rangers,Chicago White Sox,Rate Field,824555,regular_season
2026-08-26,2026-08-26T23:15:00,Los Angeles Dodgers,Atlanta Braves,Truist Park,824878,regular_season
2026-08-26,2026-08-27T01:05:00,Minnesota Twins,Athletics,Sutter Health Park,824963,regular_season
2026-08-26,2026-08-26T19:40:00,Chicago Cubs,Arizona Diamondbacks,Chase Field,825039,regular_season
2026-08-27,2026-08-27T17:05:00,Colorado Rockies,Washington Nationals,Nationals Park,822694,regular_season
2026-08-27,2026-08-27T23:07:00,Kansas City Royals,Toronto Blue Jays,Rogers Centre,822771,regular_season
2026-08-27,2026-08-27T18:15:00,Baltimore Orioles,St. Louis Cardinals,Busch Stadium,823014,regular_season
2026-08-27,2026-08-28T01:45:00,Arizona Diamondbacks,San Francisco Giants,Oracle Park,823179,regular_season
2026-08-27,2026-08-27T23:05:00,Houston Astros,New York Yankees,Yankee Stadium,823503,regular_season
2026-08-27,2026-08-27T23:10:00,Milwaukee Brewers,New York Mets,Citi Field,823581,regular_season
2026-08-27,2026-08-27T23:15:00,Los Angeles Dodgers,Atlanta Braves,Truist Park,824879,regular_season
2026-08-28,2026-08-28T22:45:00,Miami Marlins,Washington Nationals,Nationals Park,822691,regular_season
2026-08-28,2026-08-28T23:07:00,Seattle Mariners,Toronto Blue Jays,Rogers Centre,822769,regular_season
2026-08-28,2026-08-28T23:10:00,San Diego Padres,Tampa Bay Rays,Tropicana Field,822935,regular_season
2026-08-28,2026-08-29T00:15:00,Pittsburgh Pirates,St. Louis Cardinals,Busch Stadium,823013,regular_season
2026-08-28,2026-08-29T02:15:00,Arizona Diamondbacks,San Francisco Giants,Oracle Park,823178,regular_season
2026-08-28,2026-08-28T23:05:00,Boston Red Sox,New York Yankees,Yankee Stadium,823504,regular_season
2026-08-28,2026-08-28T23:10:00,Houston Astros,New York Mets,Citi Field,823583,regular_season
2026-08-28,2026-08-29T00:10:00,Chicago White Sox,Minnesota Twins,Target Field,823666,regular_season
2026-08-28,2026-08-28T23:40:00,Texas Rangers,Milwaukee Brewers,American Family Field,823744,regular_season
2026-08-28,2026-08-29T01:38:00,Philadelphia Phillies,Los Angeles Angels,Angel Stadium,823985,regular_season
2026-08-28,2026-08-28T22:40:00,Los Angeles Dodgers,Detroit Tigers,Comerica Park,824231,regular_season
2026-08-28,2026-08-28T23:10:00,Kansas City Royals,Cleveland Guardians,Progressive Field,824396,regular_season
2026-08-28,2026-08-28T18:20:00,Cincinnati Reds,Chicago Cubs,Wrigley Field,824638,regular_season
2026-08-28,2026-08-28T23:15:00,Colorado Rockies,Atlanta Braves,Truist Park,824877,regular_season
2026-08-28,2026-08-29T01:40:00,Baltimore Orioles,Athletics,Sutter Health Park,824960,regular_season
2026-08-29,2026-08-29T20:05:00,Miami Marlins,Washington Nationals,Nationals Park,822690,regular_season
2026-08-29,2026-08-29T19:07:00,Seattle Mariners,Toronto Blue Jays,Rogers Centre,822770,regular_season
2026-08-29,2026-08-29T20:10:00,San Diego Padres,Tampa Bay Rays,Tropicana Field,822936,regular_season
2026-08-29,2026-08-29T18:15:00,Pittsburgh Pirates,St. Louis Cardinals,Busch Stadium,823011,regular_season
2026-08-29,2026-08-30T02:05:00,Arizona Diamondbacks,San Francisco Giants,Oracle Park,823176,regular_season
2026-08-29,2026-08-29T23:15:00,Boston Red Sox,New York Yankees,Yankee Stadium,823501,regular_season
2026-08-29,2026-08-29T20:10:00,Houston Astros,New York Mets,Citi Field,823582,regular_season
2026-08-29,2026-08-29T18:10:00,Chicago White Sox,Minnesota Twins,Target Field,823665,regular_season
2026-08-29,2026-08-29T23:15:00,Texas Rangers,Milwaukee Brewers,American Family Field,823741,regular_season
2026-08-29,2026-08-30T02:07:00,Philadelphia Phillies,Los Angeles Angels,Angel Stadium,823986,regular_season
2026-08-29,2026-08-29T17:10:00,Los Angeles Dodgers,Detroit Tigers,Comerica Park,824230,regular_season
2026-08-29,2026-08-29T20:10:00,Kansas City Royals,Cleveland Guardians,Progressive Field,824392,regular_season
2026-08-29,2026-08-29T18:20:00,Cincinnati Reds,Chicago Cubs,Wrigley Field,824637,regular_season
2026-08-29,2026-08-29T20:10:00,Colorado Rockies,Atlanta Braves,Truist Park,824874,regular_season
2026-08-29,2026-08-30T02:05:00,Baltimore Orioles,Athletics,Sutter Health Park,824961,regular_season
2026-08-30,2026-08-30T16:15:00,Miami Marlins,Washington Nationals,Nationals Park,822688,regular_season
2026-08-30,2026-08-30T17:37:00,Seattle Mariners,Toronto Blue Jays,Rogers Centre,822766,regular_season
2026-08-30,2026-08-30T17:40:00,San Diego Padres,Tampa Bay Rays,Tropicana Field,822933,regular_season
2026-08-30,2026-08-30T18:15:00,Pittsburgh Pirates,St. Louis Cardinals,Busch Stadium,823010,regular_season
2026-08-30,2026-08-30T20:05:00,Arizona Diamondbacks,San Francisco Giants,Oracle Park,823177,regular_season
2026-08-30,2026-08-30T17:35:00,Boston Red Sox,New York Yankees,Yankee Stadium,823502,regular_season
2026-08-30,2026-08-30T23:20:00,Houston Astros,New York Mets,Citi Field,823580,regular_season
2026-08-30,2026-08-30T18:10:00,Chicago White Sox,Minnesota Twins,Target Field,823662,regular_season
2026-08-30,2026-08-30T18:10:00,Texas Rangers,Milwaukee Brewers,American Family Field,823740,regular_season
2026-08-30,2026-08-30T20:07:00,Philadelphia Phillies,Los Angeles Angels,Angel Stadium,823987,regular_season
2026-08-30,2026-08-30T17:40:00,Los Angeles Dodgers,Detroit Tigers,Comerica Park,824232,regular_season
2026-08-30,2026-08-30T17:40:00,Kansas City Royals,Cleveland Guardians,Progressive Field,824393,regular_season
2026-08-30,2026-08-30T19:10:00,Cincinnati Reds,Chicago Cubs,Wrigley Field,824636,regular_season
2026-08-30,2026-08-30T17:35:00,Colorado Rockies,Atlanta Braves,Truist Park,824876,regular_season
2026-08-30,2026-08-30T20:05:00,Baltimore Orioles,Athletics,Sutter Health Park,824959,regular_season
2026-08-31,2026-08-31T22:45:00,Miami Marlins,Washington Nationals,Nationals Park,822689,regular_season
2026-08-31,2026-09-01T00:05:00,Athletics,Texas Rangers,Globe Life Field,822855,regular_season
2026-08-31,2026-08-31T22:40:00,New York Mets,Tampa Bay Rays,Tropicana Field,822932,regular_season
2026-08-31,2026-08-31T23:40:00,Detroit Tigers,Minnesota Twins,Target Field,823663,regular_season
2026-08-31,2026-09-01T01:38:00,New York Yankees,Los Angeles Angels,Angel Stadium,823982,regular_season
2026-08-31,2026-09-01T00:10:00,Chicago White Sox,Houston Astros,Daikin Park,824149,regular_season
2026-08-31,2026-09-01T00:40:00,Baltimore Orioles,Colorado Rockies,Coors Field,824314,regular_season
2026-08-31,2026-08-31T22:40:00,San Diego Padres,Cincinnati Reds,Great American Ball Park,824473,regular_season
2026-08-31,2026-08-31T23:40:00,Milwaukee Brewers,Chicago Cubs,Wrigley Field,824635,regular_season
2026-08-31,2026-08-31T22:45:00,Seattle Mariners,Boston Red Sox,Fenway Park,824719,regular_season
2026-08-31,2026-09-01T01:40:00,Philadelphia Phillies,Arizona Diamondbacks,Chase Field,825040,regular_season
2026-09-01,2026-09-01T22:45:00,Atlanta Braves,Washington Nationals,Nationals Park,822687,regular_season
2026-09-01,2026-09-02T00:05:00,Athletics,Texas Rangers,Globe Life Field,822854,regular_season
2026-09-01,2026-09-01T22:40:00,New York Mets,Tampa Bay Rays,Tropicana Field,822929,regular_season
2026-09-01,2026-09-01T22:40:00,San Francisco Giants,Pittsburgh Pirates,PNC Park,823340,regular_season
2026-09-01,2026-09-01T23:40:00,Detroit Tigers,Minnesota Twins,Target Field,823661,regular_season
2026-09-01,2026-09-02T02:10:00,St. Louis Cardinals,Los Angeles Dodgers,UNIQLO Field at Dodger Stadium,823908,regular_season
2026-09-01,2026-09-02T01:38:00,New York Yankees,Los Angeles Angels,Angel Stadium,823984,regular_season
2026-09-01,2026-09-01T23:40:00,Miami Marlins,Kansas City Royals,Kauffman Stadium,824070,regular_season
2026-09-01,2026-09-02T00:10:00,Chicago White Sox,Houston Astros,Daikin Park,824148,regular_season
2026-09-01,2026-09-02T00:40:00,Baltimore Orioles,Colorado Rockies,Coors Field,824313,regular_season
2026-09-01,2026-09-01T22:40:00,Toronto Blue Jays,Cleveland Guardians,Progressive Field,824391,regular_season
2026-09-01,2026-09-01T22:40:00,San Diego Padres,Cincinnati Reds,Great American Ball Park,824472,regular_season
2026-09-01,2026-09-01T23:40:00,Milwaukee Brewers,Chicago Cubs,Wrigley Field,824633,regular_season
2026-09-01,2026-09-01T22:45:00,Seattle Mariners,Boston Red Sox,Fenway Park,824716,regular_season
2026-09-01,2026-09-02T01:40:00,Philadelphia Phillies,Arizona Diamondbacks,Chase Field,825038,regular_season
2026-09-02,2026-09-02T17:05:00,Atlanta Braves,Washington Nationals,Nationals Park,822686,regular_season
2026-09-02,2026-09-02T18:35:00,Athletics,Texas Rangers,Globe Life Field,822851,regular_season
2026-09-02,2026-09-02T22:40:00,New York Mets,Tampa Bay Rays,Tropicana Field,822931,regular_season
2026-09-02,2026-09-02T22:40:00,San Francisco Giants,Pittsburgh Pirates,PNC Park,823339,regular_season
2026-09-02,2026-09-02T23:40:00,Detroit Tigers,Minnesota Twins,Target Field,823660,regular_season
2026-09-02,2026-09-03T02:10:00,St. Louis Cardinals,Los Angeles Dodgers,UNIQLO Field at Dodger Stadium,823906,regular_season
2026-09-02,2026-09-03T01:38:00,New York Yankees,Los Angeles Angels,Angel Stadium,823983,regular_season
2026-09-02,2026-09-02T23:40:00,Miami Marlins,Kansas City Royals,Kauffman Stadium,824068,regular_season
2026-09-02,2026-09-03T00:10:00,Chicago White Sox,Houston Astros,Daikin Park,824147,regular_season
2026-09-02,2026-09-02T19:10:00,Baltimore Orioles,Colorado Rockies,Coors Field,824312,regular_season
2026-09-02,2026-09-02T22:40:00,Toronto Blue Jays,Cleveland Guardians,Progressive Field,824390,regular_season
2026-09-02,2026-09-02T16:40:00,San Diego Padres,Cincinnati Reds,Great American Ball Park,824470,regular_season
2026-09-02,2026-09-02T23:40:00,Milwaukee Brewers,Chicago Cubs,Wrigley Field,824634,regular_season
2026-09-02,2026-09-02T20:10:00,Seattle Mariners,Boston Red Sox,Fenway Park,824717,regular_season
2026-09-02,2026-09-02T19:40:00,Philadelphia Phillies,Arizona Diamondbacks,Chase Field,825037,regular_season
2026-09-03,2026-09-04T00:05:00,Tampa Bay Rays,Texas Rangers,Globe Life Field,822853,regular_season
2026-09-03,2026-09-04T01:40:00,Athletics,Seattle Mariners,T-Mobile Park,823095,regular_season
2026-09-03,2026-09-03T16:35:00,San Francisco Giants,Pittsburgh Pirates,PNC Park,823337,regular_season
2026-09-03,2026-09-04T02:10:00,St. Louis Cardinals,Los Angeles Dodgers,UNIQLO Field at Dodger Stadium,823907,regular_season
2026-09-03,2026-09-03T23:40:00,Miami Marlins,Kansas City Royals,Kauffman Stadium,824069,regular_season
2026-09-03,2026-09-03T18:10:00,Chicago White Sox,Houston Astros,Daikin Park,824144,regular_season
2026-09-03,2026-09-03T17:10:00,Toronto Blue Jays,Cleveland Guardians,Progressive Field,824388,regular_season
2026-09-03,2026-09-03T23:40:00,Milwaukee Brewers,Chicago Cubs,Wrigley Field,824632,regular_season
2026-09-03,2026-09-03T22:35:00,Boston Red Sox,Baltimore Orioles,Oriole Park at Camden Yards,824796,regular_season
2026-09-04,2026-09-05T00:05:00,Tampa Bay Rays,Texas Rangers,Globe Life Field,822852,regular_season
2026-09-04,2026-09-05T02:10:00,Athletics,Seattle Mariners,T-Mobile Park,823093,regular_season
2026-09-04,2026-09-05T01:40:00,New York Yankees,San Diego Padres,Petco Park,823256,regular_season
2026-09-04,2026-09-04T22:40:00,Los Angeles Angels,Pittsburgh Pirates,PNC Park,823338,regular_season
2026-09-04,2026-09-04T22:40:00,Atlanta Braves,Philadelphia Phillies,Citizens Bank Park,823418,regular_season
2026-09-04,2026-09-04T23:10:00,San Francisco Giants,New York Mets,Citi Field,823579,regular_season
2026-09-04,2026-09-04T23:10:00,Chicago Cubs,Miami Marlins,loanDepot park,823824,regular_season
2026-09-04,2026-09-05T02:10:00,Washington Nationals,Los Angeles Dodgers,UNIQLO Field at Dodger Stadium,823905,regular_season
2026-09-04,2026-09-05T00:10:00,Toronto Blue Jays,Kansas City Royals,Kauffman Stadium,824067,regular_season
2026-09-04,2026-09-05T00:10:00,Arizona Diamondbacks,Houston Astros,Daikin Park,824146,regular_season
2026-09-04,2026-09-05T00:40:00,St. Louis Cardinals,Colorado Rockies,Coors Field,824311,regular_season
2026-09-04,2026-09-04T23:10:00,Detroit Tigers,Cleveland Guardians,Progressive Field,824387,regular_season
2026-09-04,2026-09-04T22:10:00,Milwaukee Brewers,Cincinnati Reds,Great American Ball Park,824471,regular_season
2026-09-04,2026-09-04T23:40:00,Minnesota Twins,Chicago White Sox,Rate Field,824554,regular_season
2026-09-04,2026-09-04T23:05:00,Boston Red Sox,Baltimore Orioles,Oriole Park at Camden Yards,824797,regular_season
2026-09-05,2026-09-05T23:05:00,Tampa Bay Rays,Texas Rangers,Globe Life Field,822850,regular_season
2026-09-05,2026-09-06T01:40:00,Athletics,Seattle Mariners,T-Mobile Park,823094,regular_season
2026-09-05,2026-09-06T00:40:00,New York Yankees,San Diego Padres,Petco Park,823257,regular_season
2026-09-05,2026-09-05T22:40:00,Los Angeles Angels,Pittsburgh Pirates,PNC Park,823335,regular_season
2026-09-05,2026-09-05T22:05:00,Atlanta Braves,Philadelphia Phillies,Citizens Bank Park,823419,regular_season
2026-09-05,2026-09-05T20:10:00,San Francisco Giants,New York Mets,Citi Field,823577,regular_season
2026-09-05,2026-09-05T20:10:00,Chicago Cubs,Miami Marlins,loanDepot park,823823,regular_season
2026-09-05,2026-09-06T01:10:00,Washington Nationals,Los Angeles Dodgers,UNIQLO Field at Dodger Stadium,823904,regular_season
2026-09-05,2026-09-05T23:10:00,Toronto Blue Jays,Kansas City Royals,Kauffman Stadium,824066,regular_season
2026-09-05,2026-09-05T23:15:00,Arizona Diamondbacks,Houston Astros,Daikin Park,824145,regular_season
2026-09-05,2026-09-06T00:10:00,St. Louis Cardinals,Colorado Rockies,Coors Field,824310,regular_season
2026-09-05,2026-09-05T23:15:00,Detroit Tigers,Cleveland Guardians,Progressive Field,824389,regular_season
2026-09-05,2026-09-05T22:40:00,Milwaukee Brewers,Cincinnati Reds,Great American Ball Park,824468,regular_season
2026-09-05,2026-09-05T23:10:00,Minnesota Twins,Chicago White Sox,Rate Field,824553,regular_season
2026-09-05,2026-09-05T23:15:00,Boston Red Sox,Baltimore Orioles,Oriole Park at Camden Yards,824795,regular_season
2026-09-06,2026-09-06T18:35:00,Tampa Bay Rays,Texas Rangers,Globe Life Field,822848,regular_season
2026-09-06,2026-09-06T20:10:00,Athletics,Seattle Mariners,T-Mobile Park,823091,regular_season
2026-09-06,2026-09-06T20:10:00,New York Yankees,San Diego Padres,Petco Park,823253,regular_season
2026-09-06,2026-09-06T17:35:00,Los Angeles Angels,Pittsburgh Pirates,PNC Park,823336,regular_season
2026-09-06,2026-09-06T17:10:00,Atlanta Braves,Philadelphia Phillies,Citizens Bank Park,823417,regular_season
2026-09-06,2026-09-06T17:40:00,San Francisco Giants,New York Mets,Citi Field,823578,regular_season
2026-09-06,2026-09-06T17:40:00,Chicago Cubs,Miami Marlins,loanDepot park,823822,regular_season
2026-09-06,2026-09-07T02:10:00,Washington Nationals,Los Angeles Dodgers,UNIQLO Field at Dodger Stadium,823903,regular_season
2026-09-06,2026-09-06T23:20:00,Toronto Blue Jays,Kansas City Royals,Kauffman Stadium,824065,regular_season
2026-09-06,2026-09-06T18:10:00,Arizona Diamondbacks,Houston Astros,Daikin Park,824142,regular_season
2026-09-06,2026-09-06T19:10:00,St. Louis Cardinals,Colorado Rockies,Coors Field,824309,regular_season
2026-09-06,2026-09-06T17:40:00,Detroit Tigers,Cleveland Guardians,Progressive Field,824385,regular_season
2026-09-06,2026-09-06T16:10:00,Milwaukee Brewers,Cincinnati Reds,Great American Ball Park,824469,regular_season
2026-09-06,2026-09-06T18:10:00,Minnesota Twins,Chicago White Sox,Rate Field,824552,regular_season
2026-09-06,2026-09-06T17:35:00,Boston Red Sox,Baltimore Orioles,Oriole Park at Camden Yards,824794,regular_season
2026-09-07,2026-09-08T00:10:00,St. Louis Cardinals,San Francisco Giants,Oracle Park,823175,regular_season
2026-09-07,2026-09-07T21:10:00,Washington Nationals,San Diego Padres,Petco Park,823254,regular_season
2026-09-07,2026-09-07T17:05:00,Atlanta Braves,Philadelphia Phillies,Citizens Bank Park,823415,regular_season
2026-09-07,2026-09-07T18:10:00,Chicago Cubs,Milwaukee Brewers,American Family Field,823742,regular_season
2026-09-07,2026-09-07T17:10:00,New York Mets,Miami Marlins,loanDepot park,823820,regular_season
2026-09-07,2026-09-08T01:10:00,Cincinnati Reds,Los Angeles Dodgers,UNIQLO Field at Dodger Stadium,823902,regular_season
2026-09-07,2026-09-07T18:10:00,Arizona Diamondbacks,Kansas City Royals,Kauffman Stadium,824062,regular_season
2026-09-07,2026-09-07T17:10:00,Minnesota Twins,Detroit Tigers,Comerica Park,824229,regular_season
2026-09-07,2026-09-07T17:35:00,Los Angeles Angels,Boston Red Sox,Fenway Park,824715,regular_season
2026-09-07,2026-09-07T17:35:00,Cleveland Guardians,Baltimore Orioles,Oriole Park at Camden Yards,824793,regular_season
2026-09-07,2026-09-08T02:05:00,Toronto Blue Jays,Athletics,Sutter Health Park,824958,regular_season
2026-09-08,2026-09-09T01:40:00,Texas Rangers,Seattle Mariners,T-Mobile Park,823092,regular_season
2026-09-08,2026-09-09T01:45:00,St. Louis Cardinals,San Francisco Giants,Oracle Park,823174,regular_season
2026-09-08,2026-09-09T01:40:00,Washington Nationals,San Diego Padres,Petco Park,823250,regular_season
2026-09-08,2026-09-08T22:40:00,Houston Astros,Philadelphia Phillies,Citizens Bank Park,823414,regular_season
2026-09-08,2026-09-08T23:05:00,Colorado Rockies,New York Yankees,Yankee Stadium,823500,regular_season
2026-09-08,2026-09-08T23:40:00,Chicago Cubs,Milwaukee Brewers,American Family Field,823738,regular_season
2026-09-08,2026-09-08T22:40:00,New York Mets,Miami Marlins,loanDepot park,823821,regular_season
2026-09-08,2026-09-09T02:10:00,Cincinnati Reds,Los Angeles Dodgers,UNIQLO Field at Dodger Stadium,823901,regular_season
2026-09-08,2026-09-08T23:40:00,Arizona Diamondbacks,Kansas City Royals,Kauffman Stadium,824063,regular_season
2026-09-08,2026-09-08T22:40:00,Minnesota Twins,Detroit Tigers,Comerica Park,824228,regular_season
2026-09-08,2026-09-08T23:40:00,Pittsburgh Pirates,Chicago White Sox,Rate Field,824551,regular_season
2026-09-08,2026-09-08T22:45:00,Los Angeles Angels,Boston Red Sox,Fenway Park,824714,regular_season
2026-09-08,2026-09-08T22:35:00,Cleveland Guardians,Baltimore Orioles,Oriole Park at Camden Yards,824792,regular_season
2026-09-08,2026-09-08T23:15:00,Tampa Bay Rays,Atlanta Braves,Truist Park,824875,regular_season
2026-09-08,2026-09-09T01:40:00,Toronto Blue Jays,Athletics,Sutter Health Park,824957,regular_season
2026-09-09,2026-09-09T20:10:00,Texas Rangers,Seattle Mariners,T-Mobile Park,823090,regular_season
2026-09-09,2026-09-09T19:45:00,St. Louis Cardinals,San Francisco Giants,Oracle Park,823172,regular_season
2026-09-09,2026-09-09T20:10:00,Washington Nationals,San Diego Padres,Petco Park,823251,regular_season
2026-09-09,2026-09-09T22:40:00,Houston Astros,Philadelphia Phillies,Citizens Bank Park,823416,regular_season
2026-09-09,2026-09-09T23:05:00,Colorado Rockies,New York Yankees,Yankee Stadium,823497,regular_season
2026-09-09,2026-09-09T23:40:00,Chicago Cubs,Milwaukee Brewers,American Family Field,823739,regular_season
2026-09-09,2026-09-09T22:40:00,New York Mets,Miami Marlins,loanDepot park,823818,regular_season
2026-09-09,2026-09-10T02:10:00,Cincinnati Reds,Los Angeles Dodgers,UNIQLO Field at Dodger Stadium,823900,regular_season
2026-09-09,2026-09-09T23:40:00,Arizona Diamondbacks,Kansas City Royals,Kauffman Stadium,824064,regular_season
2026-09-09,2026-09-09T17:10:00,Minnesota Twins,Detroit Tigers,Comerica Park,824226,regular_season
2026-09-09,2026-09-09T23:40:00,Pittsburgh Pirates,Chicago White Sox,Rate Field,824549,regular_season
2026-09-09,2026-09-09T22:45:00,Los Angeles Angels,Boston Red Sox,Fenway Park,824713,regular_season
2026-09-09,2026-09-09T22:35:00,Cleveland Guardians,Baltimore Orioles,Oriole Park at Camden Yards,824791,regular_season
2026-09-09,2026-09-09T23:15:00,Tampa Bay Rays,Atlanta Braves,Truist Park,824871,regular_season
2026-09-09,2026-09-09T19:05:00,Toronto Blue Jays,Athletics,Sutter Health Park,824956,regular_season
2026-09-10,2026-09-10T20:10:00,Texas Rangers,Seattle Mariners,T-Mobile Park,823088,regular_season
2026-09-10,2026-09-10T17:05:00,Houston Astros,Philadelphia Phillies,Citizens Bank Park,823413,regular_season
2026-09-10,2026-09-10T23:05:00,Colorado Rockies,New York Yankees,Yankee Stadium,823499,regular_season
2026-09-10,2026-09-10T23:40:00,Pittsburgh Pirates,Chicago White Sox,Rate Field,824550,regular_season
2026-09-10,2026-09-10T16:15:00,Tampa Bay Rays,Atlanta Braves,Truist Park,824872,regular_season
2026-09-11,2026-09-11T22:45:00,Los Angeles Angels,Washington Nationals,Nationals Park,822684,regular_season
2026-09-11,2026-09-11T23:07:00,Baltimore Orioles,Toronto Blue Jays,Rogers Centre,822767,regular_season
2026-09-11,2026-09-11T23:10:00,Houston Astros,Tampa Bay Rays,Tropicana Field,822930,regular_season
2026-09-11,2026-09-12T00:15:00,Chicago White Sox,St. Louis Cardinals,Busch Stadium,823012,regular_season
2026-09-11,2026-09-12T02:15:00,San Diego Padres,San Francisco Giants,Oracle Park,823173,regular_season
2026-09-11,2026-09-11T23:05:00,New York Mets,New York Yankees,Yankee Stadium,823498,regular_season
2026-09-11,2026-09-12T00:10:00,Cleveland Guardians,Minnesota Twins,Target Field,823659,regular_season
2026-09-11,2026-09-11T23:40:00,Cincinnati Reds,Milwaukee Brewers,American Family Field,823736,regular_season
2026-09-11,2026-09-11T23:10:00,Los Angeles Dodgers,Miami Marlins,loanDepot park,823817,regular_season
2026-09-11,2026-09-11T22:40:00,Colorado Rockies,Detroit Tigers,Comerica Park,824227,regular_season
2026-09-11,2026-09-11T18:20:00,Pittsburgh Pirates,Chicago Cubs,Wrigley Field,824631,regular_season
2026-09-11,2026-09-11T23:10:00,Kansas City Royals,Boston Red Sox,Fenway Park,824711,regular_season
2026-09-11,2026-09-11T23:15:00,Philadelphia Phillies,Atlanta Braves,Truist Park,824873,regular_season
2026-09-11,2026-09-12T01:40:00,Seattle Mariners,Athletics,Sutter Health Park,824954,regular_season
2026-09-11,2026-09-12T01:40:00,Texas Rangers,Arizona Diamondbacks,Chase Field,825036,regular_season
2026-09-12,2026-09-12T20:05:00,Los Angeles Angels,Washington Nationals,Nationals Park,822685,regular_season
2026-09-12,2026-09-12T19:07:00,Baltimore Orioles,Toronto Blue Jays,Rogers Centre,822768,regular_season
2026-09-12,2026-09-12T22:10:00,Houston Astros,Tampa Bay Rays,Tropicana Field,822927,regular_season
2026-09-12,2026-09-12T23:15:00,Chicago White Sox,St. Louis Cardinals,Busch Stadium,823009,regular_season
2026-09-12,2026-09-12T20:05:00,San Diego Padres,San Francisco Giants,Oracle Park,823170,regular_season
2026-09-12,2026-09-12T17:35:00,New York Mets,New York Yankees,Yankee Stadium,823496,regular_season
2026-09-12,2026-09-12T20:10:00,Cleveland Guardians,Minnesota Twins,Target Field,823657,regular_season
2026-09-12,2026-09-12T23:10:00,Cincinnati Reds,Milwaukee Brewers,American Family Field,823737,regular_season
2026-09-12,2026-09-12T20:10:00,Los Angeles Dodgers,Miami Marlins,loanDepot park,823819,regular_season
2026-09-12,2026-09-12T17:10:00,Colorado Rockies,Detroit Tigers,Comerica Park,824224,regular_season
2026-09-12,2026-09-12T18:20:00,Pittsburgh Pirates,Chicago Cubs,Wrigley Field,824630,regular_season
2026-09-12,2026-09-12T20:10:00,Kansas City Royals,Boston Red Sox,Fenway Park,824712,regular_season
2026-09-12,2026-09-12T23:15:00,Philadelphia Phillies,Atlanta Braves,Truist Park,824870,regular_season
2026-09-12,2026-09-13T01:40:00,Seattle Mariners,Athletics,Sutter Health Park,824955,regular_season
2026-09-12,2026-09-13T00:10:00,Texas Rangers,Arizona Diamondbacks,Chase Field,825035,regular_season
2026-09-13,2026-09-13T17:35:00,Los Angeles Angels,Washington Nationals,Nationals Park,822682,regular_season
2026-09-13,2026-09-13T17:37:00,Baltimore Orioles,Toronto Blue Jays,Rogers Centre,822764,regular_season
2026-09-13,2026-09-13T17:40:00,Houston Astros,Tampa Bay Rays,Tropicana Field,822928,regular_season
2026-09-13,2026-09-13T18:15:00,Chicago White Sox,St. Louis Cardinals,Busch Stadium,823008,regular_season
2026-09-13,2026-09-13T23:20:00,San Diego Padres,San Francisco Giants,Oracle Park,823171,regular_season
2026-09-13,2026-09-13T17:35:00,New York Mets,New York Yankees,Yankee Stadium,823495,regular_season
2026-09-13,2026-09-13T18:10:00,Cleveland Guardians,Minnesota Twins,Target Field,823658,regular_season
2026-09-13,2026-09-13T18:10:00,Cincinnati Reds,Milwaukee Brewers,American Family Field,823734,regular_season
2026-09-13,2026-09-13T17:40:00,Los Angeles Dodgers,Miami Marlins,loanDepot park,823815,regular_season
2026-09-13,2026-09-13T17:40:00,Colorado Rockies,Detroit Tigers,Comerica Park,824225,regular_season
2026-09-13,2026-09-13T18:20:00,Pittsburgh Pirates,Chicago Cubs,Wrigley Field,824628,regular_season
2026-09-13,2026-09-13T17:35:00,Kansas City Royals,Boston Red Sox,Fenway Park,824708,regular_season
2026-09-13,2026-09-13T17:35:00,Philadelphia Phillies,Atlanta Braves,Truist Park,824869,regular_season
2026-09-13,2026-09-13T20:05:00,Seattle Mariners,Athletics,Sutter Health Park,824952,regular_season
2026-09-13,2026-09-13T20:10:00,Texas Rangers,Arizona Diamondbacks,Chase Field,825033,regular_season
2026-09-14,2026-09-14T23:07:00,Detroit Tigers,Toronto Blue Jays,Rogers Centre,822765,regular_season
2026-09-14,2026-09-14T23:45:00,San Francisco Giants,St. Louis Cardinals,Busch Stadium,823006,regular_season
2026-09-14,2026-09-14T23:10:00,Baltimore Orioles,New York Mets,Citi Field,823575,regular_season
2026-09-14,2026-09-14T23:40:00,New York Yankees,Minnesota Twins,Target Field,823656,regular_season
2026-09-14,2026-09-15T01:38:00,Seattle Mariners,Los Angeles Angels,Angel Stadium,823981,regular_season
2026-09-14,2026-09-15T00:40:00,San Diego Padres,Colorado Rockies,Coors Field,824308,regular_season
2026-09-14,2026-09-14T22:40:00,Chicago White Sox,Cleveland Guardians,Progressive Field,824386,regular_season
2026-09-14,2026-09-14T22:40:00,Los Angeles Dodgers,Cincinnati Reds,Great American Ball Park,824465,regular_season
2026-09-14,2026-09-14T23:40:00,Atlanta Braves,Chicago Cubs,Wrigley Field,824629,regular_season
2026-09-14,2026-09-15T01:40:00,Miami Marlins,Arizona Diamondbacks,Chase Field,825034,regular_season
2026-09-15,2026-09-15T22:45:00,Philadelphia Phillies,Washington Nationals,Nationals Park,822683,regular_season
2026-09-15,2026-09-15T23:07:00,Detroit Tigers,Toronto Blue Jays,Rogers Centre,822762,regular_season
2026-09-15,2026-09-16T00:05:00,Boston Red Sox,Texas Rangers,Globe Life Field,822849,regular_season
2026-09-15,2026-09-15T22:40:00,Athletics,Tampa Bay Rays,Tropicana Field,822925,regular_season
2026-09-15,2026-09-15T23:45:00,San Francisco Giants,St. Louis Cardinals,Busch Stadium,823007,regular_season
2026-09-15,2026-09-15T22:40:00,Milwaukee Brewers,Pittsburgh Pirates,PNC Park,823333,regular_season
2026-09-15,2026-09-15T23:10:00,Baltimore Orioles,New York Mets,Citi Field,823574,regular_season
2026-09-15,2026-09-15T23:40:00,New York Yankees,Minnesota Twins,Target Field,823654,regular_season
2026-09-15,2026-09-16T01:38:00,Seattle Mariners,Los Angeles Angels,Angel Stadium,823980,regular_season
2026-09-15,2026-09-16T00:10:00,Kansas City Royals,Houston Astros,Daikin Park,824143,regular_season
2026-09-15,2026-09-16T00:40:00,San Diego Padres,Colorado Rockies,Coors Field,824307,regular_season
2026-09-15,2026-09-15T22:40:00,Chicago White Sox,Cleveland Guardians,Progressive Field,824384,regular_season
2026-09-15,2026-09-15T22:40:00,Los Angeles Dodgers,Cincinnati Reds,Great American Ball Park,824466,regular_season
2026-09-15,2026-09-15T23:40:00,Atlanta Braves,Chicago Cubs,Wrigley Field,824627,regular_season
2026-09-15,2026-09-16T01:40:00,Miami Marlins,Arizona Diamondbacks,Chase Field,825030,regular_season
2026-09-16,2026-09-16T22:45:00,Philadelphia Phillies,Washington Nationals,Nationals Park,822680,regular_season
2026-09-16,2026-09-16T19:07:00,Detroit Tigers,Toronto Blue Jays,Rogers Centre,822763,regular_season
2026-09-16,2026-09-17T00:05:00,Boston Red Sox,Texas Rangers,Globe Life Field,822846,regular_season
2026-09-16,2026-09-16T22:40:00,Athletics,Tampa Bay Rays,Tropicana Field,822926,regular_season
2026-09-16,2026-09-16T17:15:00,San Francisco Giants,St. Louis Cardinals,Busch Stadium,823004,regular_season
2026-09-16,2026-09-16T22:40:00,Milwaukee Brewers,Pittsburgh Pirates,PNC Park,823332,regular_season
2026-09-16,2026-09-16T23:10:00,Baltimore Orioles,New York Mets,Citi Field,823576,regular_season
2026-09-16,2026-09-16T17:40:00,New York Yankees,Minnesota Twins,Target Field,823655,regular_season
2026-09-16,2026-09-17T01:38:00,Seattle Mariners,Los Angeles Angels,Angel Stadium,823979,regular_season
2026-09-16,2026-09-17T00:10:00,Kansas City Royals,Houston Astros,Daikin Park,824140,regular_season
2026-09-16,2026-09-17T00:40:00,San Diego Padres,Colorado Rockies,Coors Field,824306,regular_season
2026-09-16,2026-09-16T17:10:00,Chicago White Sox,Cleveland Guardians,Progressive Field,824382,regular_season
2026-09-16,2026-09-16T22:40:00,Los Angeles Dodgers,Cincinnati Reds,Great American Ball Park,824467,regular_season
2026-09-16,2026-09-16T23:40:00,Atlanta Braves,Chicago Cubs,Wrigley Field,824626,regular_season
2026-09-16,2026-09-17T01:40:00,Miami Marlins,Arizona Diamondbacks,Chase Field,825031,regular_season
2026-09-17,2026-09-18T00:05:00,Boston Red Sox,Texas Rangers,Globe Life Field,822845,regular_season
2026-09-17,2026-09-17T17:10:00,Athletics,Tampa Bay Rays,Tropicana Field,822924,regular_season
2026-09-17,2026-09-17T16:35:00,Milwaukee Brewers,Pittsburgh Pirates,PNC Park,823334,regular_season
2026-09-17,2026-09-17T23:15:00,Philadelphia Phillies,New York Mets,Citi Field,823573,regular_season
2026-09-17,2026-09-18T01:38:00,Minnesota Twins,Los Angeles Angels,Angel Stadium,823978,regular_season
2026-09-17,2026-09-17T23:15:00,Kansas City Royals,Houston Astros,Daikin Park,824141,regular_season
2026-09-17,2026-09-17T19:10:00,San Diego Padres,Colorado Rockies,Coors Field,824305,regular_season
2026-09-17,2026-09-17T16:40:00,Los Angeles Dodgers,Cincinnati Reds,Great American Ball Park,824464,regular_season
2026-09-17,2026-09-17T23:40:00,Detroit Tigers,Chicago White Sox,Rate Field,824548,regular_season
2026-09-18,2026-09-19T00:05:00,Toronto Blue Jays,Texas Rangers,Globe Life Field,822847,regular_season
2026-09-18,2026-09-18T23:10:00,Boston Red Sox,Tampa Bay Rays,Tropicana Field,822923,regular_season
2026-09-18,2026-09-19T00:15:00,Washington Nationals,St. Louis Cardinals,Busch Stadium,823005,regular_season
2026-09-18,2026-09-19T01:40:00,Miami Marlins,San Diego Padres,Petco Park,823252,regular_season
2026-09-18,2026-09-18T22:40:00,Kansas City Royals,Pittsburgh Pirates,PNC Park,823331,regular_season
2026-09-18,2026-09-18T23:10:00,Philadelphia Phillies,New York Mets,Citi Field,823572,regular_season
2026-09-18,2026-09-19T02:10:00,San Francisco Giants,Los Angeles Dodgers,UNIQLO Field at Dodger Stadium,823898,regular_season
2026-09-18,2026-09-19T01:38:00,Minnesota Twins,Los Angeles Angels,Angel Stadium,823977,regular_season
2026-09-18,2026-09-19T00:10:00,Atlanta Braves,Houston Astros,Daikin Park,824138,regular_season
2026-09-18,2026-09-19T00:10:00,Seattle Mariners,Colorado Rockies,Coors Field,824303,regular_season
2026-09-18,2026-09-18T23:10:00,Athletics,Cleveland Guardians,Progressive Field,824383,regular_season
2026-09-18,2026-09-18T22:40:00,Chicago Cubs,Cincinnati Reds,Great American Ball Park,824463,regular_season
2026-09-18,2026-09-18T23:40:00,Detroit Tigers,Chicago White Sox,Rate Field,824547,regular_season
2026-09-18,2026-09-18T23:05:00,Milwaukee Brewers,Baltimore Orioles,Oriole Park at Camden Yards,824790,regular_season
2026-09-18,2026-09-19T01:40:00,New York Yankees,Arizona Diamondbacks,Chase Field,825032,regular_season
2026-09-19,2026-09-19T23:05:00,Toronto Blue Jays,Texas Rangers,Globe Life Field,822843,regular_season
2026-09-19,2026-09-19T20:10:00,Boston Red Sox,Tampa Bay Rays,Tropicana Field,822921,regular_season
2026-09-19,2026-09-19T23:15:00,Washington Nationals,St. Louis Cardinals,Busch Stadium,823003,regular_season
2026-09-19,2026-09-20T00:40:00,Miami Marlins,San Diego Padres,Petco Park,823249,regular_season
2026-09-19,2026-09-19T22:40:00,Kansas City Royals,Pittsburgh Pirates,PNC Park,823330,regular_season
2026-09-19,2026-09-19T20:10:00,Philadelphia Phillies,New York Mets,Citi Field,823571,regular_season
2026-09-19,2026-09-20T01:10:00,San Francisco Giants,Los Angeles Dodgers,UNIQLO Field at Dodger Stadium,823899,regular_season
2026-09-19,2026-09-20T01:38:00,Minnesota Twins,Los Angeles Angels,Angel Stadium,823976,regular_season
2026-09-19,2026-09-19T23:10:00,Atlanta Braves,Houston Astros,Daikin Park,824137,regular_season
2026-09-19,2026-09-20T00:10:00,Seattle Mariners,Colorado Rockies,Coors Field,824304,regular_season
2026-09-19,2026-09-19T22:10:00,Athletics,Cleveland Guardians,Progressive Field,824380,regular_season
2026-09-19,2026-09-19T22:40:00,Chicago Cubs,Cincinnati Reds,Great American Ball Park,824461,regular_season
2026-09-19,2026-09-19T23:10:00,Detroit Tigers,Chicago White Sox,Rate Field,824545,regular_season
2026-09-19,2026-09-19T20:05:00,Milwaukee Brewers,Baltimore Orioles,Oriole Park at Camden Yards,824788,regular_season
2026-09-19,2026-09-20T00:10:00,New York Yankees,Arizona Diamondbacks,Chase Field,825029,regular_season
2026-09-20,2026-09-20T18:35:00,Toronto Blue Jays,Texas Rangers,Globe Life Field,822844,regular_season
2026-09-20,2026-09-20T17:40:00,Boston Red Sox,Tampa Bay Rays,Tropicana Field,822922,regular_season
2026-09-20,2026-09-20T18:15:00,Washington Nationals,St. Louis Cardinals,Busch Stadium,823001,regular_season
2026-09-20,2026-09-20T20:10:00,Miami Marlins,San Diego Padres,Petco Park,823247,regular_season
2026-09-20,2026-09-20T17:35:00,Kansas City Royals,Pittsburgh Pirates,PNC Park,823329,regular_season
2026-09-20,2026-09-20T17:40:00,Philadelphia Phillies,New York Mets,Citi Field,823570,regular_season
2026-09-20,2026-09-20T20:10:00,San Francisco Giants,Los Angeles Dodgers,UNIQLO Field at Dodger Stadium,823896,regular_season
2026-09-20,2026-09-20T20:07:00,Minnesota Twins,Los Angeles Angels,Angel Stadium,823975,regular_season
2026-09-20,2026-09-20T18:10:00,Atlanta Braves,Houston Astros,Daikin Park,824139,regular_season
2026-09-20,2026-09-20T19:10:00,Seattle Mariners,Colorado Rockies,Coors Field,824300,regular_season
2026-09-20,2026-09-20T17:40:00,Athletics,Cleveland Guardians,Progressive Field,824381,regular_season
2026-09-20,2026-09-20T17:40:00,Chicago Cubs,Cincinnati Reds,Great American Ball Park,824462,regular_season
2026-09-20,2026-09-20T18:10:00,Detroit Tigers,Chicago White Sox,Rate Field,824546,regular_season
2026-09-20,2026-09-20T23:20:00,Milwaukee Brewers,Baltimore Orioles,Oriole Park at Camden Yards,824789,regular_season
2026-09-20,2026-09-20T20:10:00,New York Yankees,Arizona Diamondbacks,Chase Field,825028,regular_season
2026-09-21,2026-09-22T01:45:00,Minnesota Twins,San Francisco Giants,Oracle Park,823169,regular_season
2026-09-21,2026-09-21T22:40:00,Washington Nationals,Detroit Tigers,Comerica Park,824221,regular_season
2026-09-21,2026-09-21T22:35:00,Toronto Blue Jays,Baltimore Orioles,Oriole Park at Camden Yards,824787,regular_season
2026-09-22,2026-09-23T00:05:00,New York Mets,Texas Rangers,Globe Life Field,822840,regular_season
2026-09-22,2026-09-23T01:40:00,Houston Astros,Seattle Mariners,T-Mobile Park,823089,regular_season
2026-09-22,2026-09-23T01:45:00,Minnesota Twins,San Francisco Giants,Oracle Park,823166,regular_season
2026-09-22,2026-09-22T22:40:00,St. Louis Cardinals,Pittsburgh Pirates,PNC Park,823328,regular_season
2026-09-22,2026-09-22T22:40:00,Milwaukee Brewers,Philadelphia Phillies,Citizens Bank Park,823412,regular_season
2026-09-22,2026-09-22T23:05:00,Tampa Bay Rays,New York Yankees,Yankee Stadium,823494,regular_season
2026-09-22,2026-05-23T17:35:00,Tampa Bay Rays,New York Yankees,Yankee Stadium,823543,regular_season
2026-09-22,2026-09-22T17:05:00,Tampa Bay Rays,New York Yankees,Yankee Stadium,823543,regular_season
2026-09-22,2026-09-23T02:10:00,San Diego Padres,Los Angeles Dodgers,UNIQLO Field at Dodger Stadium,823897,regular_season
2026-09-22,2026-09-22T23:40:00,Chicago White Sox,Kansas City Royals,Kauffman Stadium,824061,regular_season
2026-09-22,2026-09-22T22:40:00,Washington Nationals,Detroit Tigers,Comerica Park,824222,regular_season
2026-09-22,2026-09-23T00:40:00,Arizona Diamondbacks,Colorado Rockies,Coors Field,824302,regular_season
2026-09-22,2026-09-22T23:40:00,Miami Marlins,Chicago Cubs,Wrigley Field,824624,regular_season
2026-09-22,2026-09-22T22:45:00,Cleveland Guardians,Boston Red Sox,Fenway Park,824709,regular_season
2026-09-22,2026-09-22T22:35:00,Toronto Blue Jays,Baltimore Orioles,Oriole Park at Camden Yards,824785,regular_season
2026-09-22,2026-09-22T23:15:00,Cincinnati Reds,Atlanta Braves,Truist Park,824867,regular_season
2026-09-22,2026-09-23T01:40:00,Los Angeles Angels,Athletics,Sutter Health Park,824953,regular_season
2026-09-23,2026-09-24T00:05:00,New York Mets,Texas Rangers,Globe Life Field,822841,regular_season
2026-09-23,2026-09-24T02:10:00,Houston Astros,Seattle Mariners,T-Mobile Park,823086,regular_season
2026-09-23,2026-09-23T19:45:00,Minnesota Twins,San Francisco Giants,Oracle Park,823168,regular_season
2026-09-23,2026-09-23T22:40:00,St. Louis Cardinals,Pittsburgh Pirates,PNC Park,823327,regular_season
2026-09-23,2026-09-23T22:40:00,Milwaukee Brewers,Philadelphia Phillies,Citizens Bank Park,823410,regular_season
2026-09-23,2026-09-23T23:05:00,Tampa Bay Rays,New York Yankees,Yankee Stadium,823492,regular_season
2026-09-23,2026-09-24T02:10:00,San Diego Padres,Los Angeles Dodgers,UNIQLO Field at Dodger Stadium,823894,regular_season
2026-09-23,2026-09-23T23:40:00,Chicago White Sox,Kansas City Royals,Kauffman Stadium,824060,regular_season
2026-09-23,2026-09-23T17:10:00,Washington Nationals,Detroit Tigers,Comerica Park,824223,regular_season
2026-09-23,2026-09-24T00:40:00,Arizona Diamondbacks,Colorado Rockies,Coors Field,824301,regular_season
2026-09-23,2026-09-23T23:40:00,Miami Marlins,Chicago Cubs,Wrigley Field,824625,regular_season
2026-09-23,2026-09-23T23:10:00,Cleveland Guardians,Boston Red Sox,Fenway Park,824710,regular_season
2026-09-23,2026-09-23T22:35:00,Toronto Blue Jays,Baltimore Orioles,Oriole Park at Camden Yards,824784,regular_season
2026-09-23,2026-09-23T23:15:00,Cincinnati Reds,Atlanta Braves,Truist Park,824868,regular_season
2026-09-23,2026-09-24T01:40:00,Los Angeles Angels,Athletics,Sutter Health Park,824951,regular_season
2026-09-24,2026-09-24T18:35:00,New York Mets,Texas Rangers,Globe Life Field,822842,regular_season
2026-09-24,2026-09-25T01:40:00,Los Angeles Angels,Seattle Mariners,T-Mobile Park,823087,regular_season
2026-09-24,2026-09-24T16:35:00,St. Louis Cardinals,Pittsburgh Pirates,PNC Park,823326,regular_season
2026-09-24,2026-09-24T22:05:00,Milwaukee Brewers,Philadelphia Phillies,Citizens Bank Park,823411,regular_season
2026-09-24,2026-09-24T23:05:00,Tampa Bay Rays,New York Yankees,Yankee Stadium,823493,regular_season
2026-09-24,2026-09-25T02:10:00,San Diego Padres,Los Angeles Dodgers,UNIQLO Field at Dodger Stadium,823895,regular_season
2026-09-24,2026-09-24T18:10:00,Chicago White Sox,Kansas City Royals,Kauffman Stadium,824059,regular_season
2026-09-24,2026-09-24T19:10:00,Arizona Diamondbacks,Colorado Rockies,Coors Field,824298,regular_season
2026-09-24,2026-09-24T18:20:00,Miami Marlins,Chicago Cubs,Wrigley Field,824623,regular_season
2026-09-24,2026-09-24T22:45:00,Cleveland Guardians,Boston Red Sox,Fenway Park,824707,regular_season
2026-09-24,2026-09-24T23:15:00,Cincinnati Reds,Atlanta Braves,Truist Park,824866,regular_season
2026-09-24,2026-09-25T01:40:00,Houston Astros,Athletics,Sutter Health Park,824950,regular_season
2026-09-25,2026-09-25T22:45:00,New York Mets,Washington Nationals,Nationals Park,822681,regular_season
2026-09-25,2026-09-25T23:07:00,Cincinnati Reds,Toronto Blue Jays,Rogers Centre,822760,regular_season
2026-09-25,2026-09-26T02:10:00,Los Angeles Angels,Seattle Mariners,T-Mobile Park,823085,regular_season
2026-09-25,2026-09-26T02:15:00,Los Angeles Dodgers,San Francisco Giants,Oracle Park,823167,regular_season
2026-09-25,2026-09-26T01:40:00,Arizona Diamondbacks,San Diego Padres,Petco Park,823248,regular_season
2026-09-25,2026-09-25T22:40:00,Tampa Bay Rays,Philadelphia Phillies,Citizens Bank Park,823409,regular_season
2026-09-25,2026-09-25T23:05:00,Baltimore Orioles,New York Yankees,Yankee Stadium,823491,regular_season
2026-09-25,2026-09-26T00:10:00,Texas Rangers,Minnesota Twins,Target Field,823652,regular_season
2026-09-25,2026-09-25T23:40:00,St. Louis Cardinals,Milwaukee Brewers,American Family Field,823735,regular_season
2026-09-25,2026-09-25T23:10:00,Atlanta Braves,Miami Marlins,loanDepot park,823816,regular_season
2026-09-25,2026-09-25T23:40:00,Cleveland Guardians,Kansas City Royals,Kauffman Stadium,824058,regular_season
2026-09-25,2026-09-25T22:40:00,Pittsburgh Pirates,Detroit Tigers,Comerica Park,824220,regular_season
2026-09-25,2026-09-25T23:40:00,Colorado Rockies,Chicago White Sox,Rate Field,824544,regular_season
2026-09-25,2026-09-25T23:10:00,Chicago Cubs,Boston Red Sox,Fenway Park,824706,regular_season
2026-09-25,2026-09-26T01:40:00,Houston Astros,Athletics,Sutter Health Park,824947,regular_season
2026-09-26,2026-09-26T20:05:00,New York Mets,Washington Nationals,Nationals Park,822678,regular_season
2026-09-26,2026-09-26T19:07:00,Cincinnati Reds,Toronto Blue Jays,Rogers Centre,822759,regular_season
2026-09-26,2026-09-27T01:40:00,Los Angeles Angels,Seattle Mariners,T-Mobile Park,823083,regular_season
2026-09-26,2026-09-26T20:05:00,Los Angeles Dodgers,San Francisco Giants,Oracle Park,823165,regular_season
2026-09-26,2026-09-27T00:40:00,Arizona Diamondbacks,San Diego Padres,Petco Park,823245,regular_season
2026-09-26,2026-09-26T22:05:00,Tampa Bay Rays,Philadelphia Phillies,Citizens Bank Park,823407,regular_season
2026-09-26,2026-09-26T23:05:00,Baltimore Orioles,New York Yankees,Yankee Stadium,823489,regular_season
2026-09-26,2026-09-26T20:10:00,Texas Rangers,Minnesota Twins,Target Field,823653,regular_season
2026-09-26,2026-09-26T23:10:00,St. Louis Cardinals,Milwaukee Brewers,American Family Field,823733,regular_season
2026-09-26,2026-09-26T20:10:00,Atlanta Braves,Miami Marlins,loanDepot park,823813,regular_season
2026-09-26,2026-09-26T23:10:00,Cleveland Guardians,Kansas City Royals,Kauffman Stadium,824057,regular_season
2026-09-26,2026-09-26T17:10:00,Pittsburgh Pirates,Detroit Tigers,Comerica Park,824219,regular_season
2026-09-26,2026-09-26T23:10:00,Colorado Rockies,Chicago White Sox,Rate Field,824543,regular_season
2026-09-26,2026-09-26T23:15:00,Chicago Cubs,Boston Red Sox,Fenway Park,824705,regular_season
2026-09-26,2026-09-27T01:40:00,Houston Astros,Athletics,Sutter Health Park,824949,regular_season
2026-09-27,2026-09-27T19:05:00,New York Mets,Washington Nationals,Nationals Park,822679,regular_season
2026-09-27,2026-09-27T19:07:00,Cincinnati Reds,Toronto Blue Jays,Rogers Centre,822761,regular_season
2026-09-27,2026-09-27T19:10:00,Los Angeles Angels,Seattle Mariners,T-Mobile Park,823084,regular_season
2026-09-27,2026-09-27T19:05:00,Los Angeles Dodgers,San Francisco Giants,Oracle Park,823164,regular_season
2026-09-27,2026-09-27T19:10:00,Arizona Diamondbacks,San Diego Padres,Petco Park,823246,regular_season
2026-09-27,2026-09-27T19:05:00,Tampa Bay Rays,Philadelphia Phillies,Citizens Bank Park,823408,regular_season
2026-09-27,2026-09-27T19:20:00,Baltimore Orioles,New York Yankees,Yankee Stadium,823490,regular_season
2026-09-27,2026-09-27T19:10:00,Texas Rangers,Minnesota Twins,Target Field,823650,regular_season
2026-09-27,2026-09-27T19:10:00,St. Louis Cardinals,Milwaukee Brewers,American Family Field,823731,regular_season
2026-09-27,2026-09-27T19:10:00,Atlanta Braves,Miami Marlins,loanDepot park,823814,regular_season
2026-09-27,2026-09-27T19:10:00,Cleveland Guardians,Kansas City Royals,Kauffman Stadium,824055,regular_season
2026-09-27,2026-09-27T19:10:00,Pittsburgh Pirates,Detroit Tigers,Comerica Park,824217,regular_season
2026-09-27,2026-09-27T19:10:00,Colorado Rockies,Chicago White Sox,Rate Field,824542,regular_season
2026-09-27,2026-09-27T19:05:00,Chicago Cubs,Boston Red Sox,Fenway Park,824703,regular_season
2026-09-27,2026-09-27T19:05:00,Houston Astros,Athletics,Sutter Health Park,824948,regular_season
