{
  "meta": {
    "season": 2024,
    "game_type": "regular_season",
    "files_used": 2427,
    "generated_at_utc": "2026-03-03T13:59:38+00:00",
    "percentiles": [
      5,
      20,
      40,
      60,
      80,
      95
    ]
  },
  "velocity_mph": {
    "p5": 78.53488051470588,
    "p20": 83.17272727272727,
    "p40": 86.94017021276596,
    "p60": 90.81428571428572,
    "p80": 94.3,
    "p95": 97.0
  },
  "whiff_per_pitch": {
    "p5": 0.0,
    "p20": 0.0,
    "p40": 0.0,
    "p60": 0.10526315789473684,
    "p80": 0.21428571428571427,
    "p95": 0.5
  },
  "chase_per_pitch": {
    "p5": 0.0,
    "p20": 0.0,
    "p40": 0.0,
    "p60": 0.14285714285714285,
    "p80": 0.25,
    "p95": 0.5
  },
  "strike_per_pitch": {
    "p5": 0.0,
    "p20": 0.25,
    "p40": 0.4,
    "p60": 0.5,
    "p80": 0.625,
    "p95": 1.0
  },
  "xwoba_allowed": {
    "p5": 0.0,
    "p20": 0.058,
    "p40": 0.209,
    "p60": 0.33853056666666664,
    "p80": 0.5030590936828718,
    "p95": 0.796
  }
}